id,domain,status,purchase_price,renewal_price,attractiveness,demand,length,registrar,created_at,expires_at,status_verified_at
17b26afb-b7b5-4c0a-8622-e2b564f63ff5,theatrical.productions,premium,118.8,118.8,high,low,10,namesilo,,,11/09/2026 12:33
04225359-70cf-4601-a332-dfad1883daf4,abroad.productions,available,10.99,40.49,high,low,6,namesilo,,,21/09/2026 14:31
c564fd6f-5364-4bc7-b38d-8ea00dd812fa,pools.productions,available,6.48,50.98,high,low,5,namecheap,,,16/09/2026 13:57
87d496da-3010-428b-82e1-bced152e0890,pathless.productions,available,6.48,50.98,medium,low,8,namecheap,,,08/09/2026 10:25
799424fb-c8b6-468c-999f-9bc0597d2ba6,stabilized.productions,available,6.48,50.98,medium,low,10,namecheap,,,10/09/2026 17:54
0fee9246-7a75-4332-bd6f-2f1e0959317a,bedpost.productions,available,6.48,50.98,high,low,7,namecheap,,,22/09/2026 23:29
9e5c0e70-76f4-42b9-a0df-b0985bc5574f,single.productions,available,10.99,40.49,high,low,6,namesilo,,,21/09/2026 10:43
ac725807-e503-4c9f-83c9-e0554bef4bf4,badness.productions,available,6.48,50.98,medium,low,7,namecheap,,,08/08/2026 07:23
5449b416-fa08-4b5f-883d-1b00f58510ec,stitched.productions,available,6.48,50.98,high,low,8,namecheap,,,10/09/2026 05:09
86e9d465-447f-4788-92d2-6a45eada94f3,antibiotics.productions,available,5.89,32.29,low,low,11,spaceship,,,28/09/2026 13:28
b2aeb08d-837b-4293-8d5d-8fb84ec6925e,westbrook.productions,available,5.89,32.29,medium,low,9,spaceship,,,29/09/2026 04:08
a7efea48-41c6-46e5-bc39-562aac692cf0,shiloh.productions,available,10.99,40.49,medium,low,6,namesilo,,,22/09/2026 15:39
b51c62ad-6dd4-443e-ad91-d89db5ae2239,jill.productions,available,6.48,50.98,high,low,4,namecheap,,,25/09/2026 11:32
843ca2d8-11b0-4fdb-9c08-a4e894ea0a8a,manageable.productions,available,10.99,40.49,high,low,10,namesilo,,,28/09/2026 15:51
4de4db9b-7581-4ba0-9841-af00b7446a9b,aarhus.productions,available,10.99,40.49,medium,low,6,namesilo,,,16/09/2026 13:27
e2066997-6549-4300-a0d5-2e44adf3dbab,overs.productions,available,6.48,50.98,medium,low,5,namecheap,,,20/09/2026 10:07
3686e07b-601a-4b47-a0b0-bc7255f9f5e3,involute.productions,available,6.48,50.98,high,low,8,namecheap,,,22/08/2026 09:12
211ad929-3bc8-42d1-b5f4-4f220f6f1daa,pert.productions,available,6.48,50.98,medium,low,4,namecheap,,,21/08/2026 22:15
aad00ae5-daee-44a1-8472-4404fe165a84,causing.productions,available,10.99,40.49,high,low,7,namesilo,,,24/09/2026 13:13
c379f4e7-dbd5-482c-a144-8d865a2db104,frunze.productions,available,10.99,40.49,medium,low,6,namesilo,,,23/09/2026 21:44
15803750-f392-493e-9b8c-b44bb6110259,torturing.productions,available,6.48,50.98,medium,low,9,namecheap,,,
b721e7be-207a-441b-a72b-eb018d1257c8,risible.productions,available,6.48,50.98,medium,low,7,namecheap,,,12/08/2026 19:02
f3170cc0-6b7c-45b8-92a4-dee731df3661,babylonian.productions,available,6.48,50.98,medium,low,10,namecheap,,,08/08/2026 03:58
50b27cab-efdf-4a5c-a95e-4fb6f0eb53e8,pontiff.productions,available,10.99,40.49,medium,low,7,namesilo,,,23/09/2026 21:52
ddf7f2d5-b854-46ea-9a23-2e60a757d26b,hoarding.productions,available,6.48,50.98,medium,low,8,namecheap,,,23/09/2026 16:09
ad885bc1-8884-4f9a-8c20-e126f24540f0,anklebone.productions,available,6.48,50.98,medium,low,9,namecheap,,,19/09/2026 09:43
dfa8b685-20f3-45b4-adfc-87281949d21f,bedamn.productions,available,14.99,52.99,medium,low,6,name.com,,,13/08/2026 16:21
db251a14-5b4b-44d0-a019-b6644162dced,intent.productions,available,6.48,50.98,high,low,6,namecheap,,,
6e91267a-2c74-4db8-8c8a-2fc2af8c0e6e,organismic.productions,available,6.48,50.98,medium,low,10,namecheap,,,04/09/2026 17:49
124b36c5-9ca2-4282-88f8-1430be44af6f,someplace.productions,available,10.99,40.49,high,low,9,namesilo,,,16/09/2026 04:51
d527f282-f9a4-406e-9ab8-fd5b23ac30d0,baltic.productions,available,6.48,50.98,high,low,6,namecheap,,,08/08/2026 10:41
cf152eb3-fde2-4d79-b095-2567821fdcd5,soddy.productions,available,10.99,40.49,medium,low,5,namesilo,,,17/09/2026 09:26
11d22817-13b4-49c6-b1c7-54ed5c43a039,cloudberry.productions,available,6.48,50.98,medium,low,10,namecheap,,,21/09/2026 20:03
9dc8aa73-6a6c-4440-b2b2-d7656b34904e,iberia.productions,available,10.5,,medium,low,6,unstoppable,,,28/09/2026 14:29
048da99c-1a6f-4d5d-9eb7-815e314d9d7d,unilateral.productions,available,6.48,50.98,medium,low,10,namecheap,,,12/09/2026 12:59
82dd6ca6-9bf8-4bdd-b6e1-a4dd0545248e,benjamin.productions,available,10.99,40.49,high,low,8,namesilo,,,20/09/2026 12:34
6b0cb136-2b86-4797-9957-4e24acf4dd72,notified.productions,available,31.2,31.2,medium,low,8,cloudflare,,,28/09/2026 05:08
aba8464b-0b98-4e31-b57a-98cad923a542,harare.productions,available,14.99,52.99,medium,low,6,name.com,,,24/09/2026 12:36
f08f37c2-5fd9-4e72-8d33-1dbf21a4f542,causal.productions,available,6.48,50.98,high,low,6,namecheap,,,11/08/2026 22:37
5344348e-e78e-49e2-bfa4-a965a01d3da7,addon.productions,available,10.99,40.49,high,low,6,namesilo,,,17/09/2026 06:37
7a415d87-da45-4125-a48e-e7bb9b953ccd,inscribe.productions,available,10.99,40.49,high,low,8,namesilo,,,21/09/2026 06:39
ba413fe1-4173-4d00-8e42-e9bd74efabf7,abed.productions,available,6.48,50.98,medium,low,4,namecheap,,,13/09/2026 16:13
804755ad-3545-4576-be19-22e15d567002,ang.productions,available,14.99,52.99,high,low,3,name.com,,,17/09/2026 22:42
868f1f97-f12d-42a8-bf85-1a8b23e50070,inorganic.productions,available,6.48,50.98,high,low,9,namecheap,,,22/08/2026 06:11
d85f5a87-d6a1-4c8a-8657-df538c0154aa,overpriced.productions,available,6.48,50.98,medium,low,10,namecheap,,,04/09/2026 21:26
c1915023-9355-4bc8-b597-af5dd97874cb,civilly.productions,available,6.48,50.98,medium,low,7,namecheap,,,14/09/2026 06:57
e0384ef4-3814-4689-a4e7-699950914cf8,chiefly.productions,available,10.99,40.49,high,low,7,namesilo,,,25/09/2026 05:59
23dcddcb-c1ba-4408-8b7f-fabde4dc8ebf,fanatic.productions,available,6.48,50.98,high,low,7,namecheap,,,17/08/2026 21:49
85ab12d6-2251-4392-9488-0b0a24ba154e,pits.productions,available,5.89,32.29,low,low,4,spaceship,,,28/09/2026 23:33
88af6fe7-bb18-4da2-8252-f3fa6295f5ec,tends.productions,available,10.99,40.49,medium,low,5,namesilo,,,29/09/2026 04:58
384b1bd2-f59c-4fb4-9d42-dc0ee8b825b8,secondary.productions,available,10.99,40.49,high,low,9,namesilo,,,25/09/2026 12:14
91bb2d00-b14d-48f4-a503-dd2b75c3f5f5,following.productions,available,6.48,50.98,high,low,9,namecheap,,,18/08/2026 10:22
252eb024-e574-4eaa-92f2-d391709df19e,participate.productions,available,31.2,31.2,high,low,11,cloudflare,,,28/09/2026 07:01
676a2dad-e06a-4738-b030-d08bed3ab702,ardeidae.productions,available,10.99,40.49,medium,low,8,namesilo,,,20/09/2026 03:06
8bdfbca1-a4a3-42b2-a4e5-27203869a409,maddened.productions,available,6.48,50.98,medium,low,8,namecheap,,,
e854b30b-8111-4897-bbdb-e6cc5dd22537,unfathomed.productions,available,6.48,50.98,medium,low,10,namecheap,,,12/09/2026 09:57
827e6372-e5ff-4bad-85ac-58025bdcc5e3,triple.productions,premium,68.51,68.51,high,low,6,spaceship,,,28/09/2026 02:16
2453ee40-441f-48c4-b8b7-e037ee2a990c,adelaide.productions,available,6.48,50.98,high,low,8,namecheap,,,17/09/2026 07:13
cda0dcbe-5403-4247-a485-e9b772283b2d,diminished.productions,available,6.48,50.98,medium,low,10,namecheap,,,07/08/2026 15:00
beae7693-d807-42bf-825a-25054dbb0c5f,smell.productions,available,5.89,32.29,high,low,5,spaceship,,,27/09/2026 22:50
4212e69f-82c0-4c02-8082-9ba0dc22cc41,unaided.productions,available,6.48,50.98,medium,low,7,namecheap,,,12/09/2026 00:13
4ef9dd55-9119-44c7-8b9d-cc67fb0d89d9,slot.productions,available,6.48,50.98,high,low,4,namecheap,,,25/09/2026 14:06
3f98fe84-242b-4f80-8412-354bd7134cc2,angelo.productions,available,10.99,40.49,high,low,6,namesilo,,,25/09/2026 16:57
190047d8-3538-4e12-84c3-19c00b011689,schematic.productions,available,6.48,50.98,high,low,9,namecheap,,,09/09/2026 23:02
bb9cafcf-3040-4e4f-8621-7a29ae7857a7,sweets.productions,available,8.24,33.39,high,low,6,dynadot,,,28/09/2026 05:51
5eeb8453-5131-42ad-9fe7-f83f67371889,snugly.productions,available,6.48,50.98,medium,low,6,namecheap,,,16/09/2026 03:31
88bd8bc3-3384-454c-b391-255898e6ce56,odium.productions,available,10.99,40.49,medium,low,5,namesilo,,,16/09/2026 15:27
4c8bf94c-dbf5-470a-99e6-055741accab7,dual.productions,available,6.48,50.98,high,low,4,namecheap,,,14/08/2026 16:37
71021730-d3af-4e6a-af9c-5c5e81309fc3,beshrew.productions,available,14.99,52.99,medium,low,7,name.com,,,13/08/2026 16:19
675adf03-00a2-4193-bdd2-4ff5652c05d5,absolver.productions,available,6.48,50.98,medium,low,8,namecheap,,,16/09/2026 18:07
2304eaa4-a2e5-4d02-8686-9af6ae94070d,biophysics.productions,available,6.48,50.98,high,low,10,namecheap,,,23/09/2026 18:50
f8eb3e05-3d45-47c7-9585-50eb181ef62e,abu.productions,available,10.5,,high,low,3,unstoppable,,,29/09/2026 03:39
7d276fa1-2b4d-4fbd-86f8-34b51a1463a1,clermont.productions,available,10.5,,medium,low,8,unstoppable,,,28/09/2026 22:20
6a2773cc-4972-4e20-bfdc-03c5ca24fad4,squishy.productions,available,6.48,50.98,medium,low,7,namecheap,,,10/09/2026 16:26
a91bab89-06bd-4c0c-9c7b-3767be7ce0a1,effected.productions,available,6.48,50.98,medium,low,8,namecheap,,,15/08/2026 14:18
1c5f715c-a2f6-486b-bfb8-686537bc0900,heartily.productions,available,6.48,50.98,high,low,8,namecheap,,,14/09/2026 08:41
5f97efc0-cc82-4354-8ca7-4253ae342a34,jail.productions,available,10.99,40.49,high,low,4,namesilo,,,27/09/2026 04:20
4126dfbf-a9f1-4792-bb05-372c6bd083b7,ranked.productions,available,6.48,50.98,high,low,6,namecheap,,,20/08/2026 17:38
3a666a42-8259-4325-96bc-c8c966323f1a,explosions.productions,available,31.2,31.2,low,low,10,cloudflare,,,28/09/2026 23:40
680e58cb-2e1d-45e5-aa64-e6936dd5fdee,lunches.productions,available,10.99,40.49,medium,low,7,namesilo,,,20/09/2026 07:45
8f2d46f6-cfad-49c7-9178-44f0d8466e64,royalties.productions,premium,38.94,38.94,medium,low,9,namesilo,,,18/09/2026 03:27
04b092ca-d38b-4532-bef5-a510f4ca2c66,badinage.productions,available,6.48,50.98,medium,low,8,namecheap,,,21/09/2026 17:13
477f9cd9-caa2-47d1-87aa-8e6fb023eb53,unpleasant.productions,available,6.48,50.98,medium,low,10,namecheap,,,12/09/2026 16:58
78a2f2ba-30c4-4ddc-81a9-c346204f3b85,peterborough.productions,available,6.48,50.98,medium,low,12,namecheap,,,28/09/2026 07:36
c4f6e65d-6613-465e-a5a4-a783c3c6b583,ineptitude.productions,available,10.99,40.49,medium,low,10,namesilo,,,21/09/2026 10:06
3bd1bbe4-b3aa-4e93-b678-072abdcfd446,fifty.productions,available,6.48,50.98,high,low,5,namecheap,,,
d54e17b5-a72d-47d7-82c1-c6fa0e50cd10,wesley.productions,available,10.99,40.49,high,low,6,namesilo,,,25/09/2026 22:12
51c50c5a-1064-4798-af01-7a29d4ddd14a,nonunion.productions,available,6.48,50.98,medium,low,8,namecheap,,,03/09/2026 20:58
1fe1f45e-cb32-4bd0-8efc-828c4ea5903f,bigger.productions,available,6.48,50.98,high,low,6,namecheap,,,22/09/2026 20:34
cce6623b-2b24-412b-a4be-bb1bc3c12b07,backless.productions,available,6.48,50.98,medium,low,8,namecheap,,,08/08/2026 05:48
d4ca5107-1119-4ab0-9daf-3f1b31d9ebf5,splattered.productions,available,14.99,52.99,medium,low,10,name.com,,,13/08/2026 15:21
9d6de583-c935-4e3c-9453-08ce338f375e,soigne.productions,available,6.48,50.98,high,low,6,namecheap,,,10/09/2026 13:28
539401d9-be48-4db3-a9da-3b7614b24952,coworker.productions,available,10.99,40.49,high,low,9,namesilo,,,24/09/2026 16:09
bbdfa607-dd6e-4378-a08c-55eaf8e0f57a,debauched.productions,available,14.99,52.99,medium,low,9,name.com,,,13/08/2026 20:14
82e3cbcc-0f9c-4747-afa5-f258fc609514,mba.productions,premium,118.8,118.8,high,low,3,namesilo,,,25/09/2026 09:16
1275606e-c8b0-4c97-ba7c-c05a19b9484b,que.productions,premium,78.54,78.54,medium,low,3,namesilo,,,28/09/2026 07:40
a1a428cd-0213-4b04-b17f-ff8fe981ef61,wicked.productions,premium,242,242,high,low,6,namesilo,,,24/09/2026 11:13
3e910a7d-f522-42e8-90a3-4af2eea42e1b,murdoch.productions,available,8.24,33.39,high,low,7,dynadot,,,28/09/2026 01:45
7b7c8912-3d7f-4cd7-b0f8-8f2fac9e9730,lasts.productions,available,10.99,40.49,low,low,5,namesilo,,,28/09/2026 09:03
ae9f6984-0834-45cb-9d91-4c3c5621464b,ron.productions,premium,42.9,42.9,high,low,3,namecheap,,,25/09/2026 00:25
f3f6e818-cfca-426c-a75c-e0323ada467a,aquifer.productions,available,10.99,40.49,medium,low,7,namesilo,,,19/09/2026 23:11
05cf7cd1-cd1d-4110-9c24-b799d11cc781,jovially.productions,available,6.48,50.98,medium,low,8,namecheap,,,15/09/2026 09:51
58ebaa62-c337-4da4-8c46-14248be42cc5,nuptial.productions,available,6.48,50.98,high,low,7,namecheap,,,11/08/2026 03:55
41f4e263-024a-4eb9-a336-87ce099e523c,twilight.productions,available,6.48,50.98,high,low,8,namecheap,,,11/09/2026 21:38
e2125e34-3a18-4185-8156-a67c4cd566c9,adamantine.productions,available,6.48,50.98,medium,low,10,namecheap,,,
1d5948f8-6296-46db-b3ee-4f056c1d8a94,agreeably.productions,available,6.48,50.98,medium,low,9,namecheap,,,13/09/2026 18:22
7ebcd587-553a-4686-a3fa-5e4acf1b914c,nobel.productions,available,10.99,40.49,high,low,5,namesilo,,,18/09/2026 06:24
6f4c7141-4915-41b3-ad2d-82458d3dd961,promotes.productions,available,10.99,40.49,medium,low,8,namesilo,,,16/09/2026 11:54
be490863-0655-460d-a2a2-79335e78423a,backslider.productions,available,10.99,40.49,medium,low,10,namesilo,,,21/09/2026 15:58
3bb44e74-0687-41cb-a294-b2de1040c861,judge.productions,available,10.99,40.49,high,low,5,namesilo,,,25/09/2026 05:43
457816cd-38d3-49e8-baf2-0e015ca340a8,loves.productions,available,,,high,low,5,,,,25/09/2026 18:55
6f8e841e-fd96-44dd-a6d3-899f15ee8557,proved.productions,available,10.99,40.49,high,low,6,namesilo,,,27/09/2026 07:48
65552ed3-991f-430d-aef3-6aba3b9b7e26,bonsai.productions,available,10.99,40.49,high,low,6,namesilo,,,24/09/2026 06:40
1fb37565-877e-4674-956c-bdb3093b5831,quarantine.productions,available,6.48,50.98,medium,low,10,namecheap,,,28/09/2026 15:10
5a7aeaf6-fcbc-4069-8965-473ebca2df08,marginal.productions,available,10.99,40.49,high,low,8,namesilo,,,23/09/2026 00:04
cf867f57-bc9f-4b11-8158-5cab616296d8,stepped.productions,available,6.48,50.98,high,low,7,namecheap,,,25/09/2026 18:05
1d28bf4e-a0fd-4e45-8de1-8aee63bb768a,profitably.productions,available,6.48,50.98,medium,low,10,namecheap,,,14/09/2026 20:29
8b8ac7a9-38a8-47ff-a9ae-1a26730f3b05,somewhere.productions,available,10.99,40.49,high,low,9,namesilo,,,16/09/2026 04:14
ea54dbff-e502-4337-aa45-ae59345d54f7,backplate.productions,available,6.48,50.98,medium,low,9,namecheap,,,21/09/2026 15:46
d1f6796f-611d-490d-a5a2-a556790d5c26,bionics.productions,available,10.99,40.49,high,low,7,namesilo,,,23/09/2026 18:40
2650bd35-7103-41c9-b902-b7033a60d320,centrally.productions,available,6.48,50.98,medium,low,9,namecheap,,,14/09/2026 06:13
98bc7665-d2ac-4452-a30b-69725ca2eb22,actium.productions,available,6.48,50.98,medium,low,6,namecheap,,,17/09/2026 05:08
4a2fd932-69fa-43af-94b5-1b7cff013c14,cashier.productions,available,10.99,40.49,high,low,7,namesilo,,,22/09/2026 02:24
d643253e-96a6-4f9e-ade4-d2113086541e,chthonian.productions,available,6.48,50.98,medium,low,9,namecheap,,,12/08/2026 07:26
6aa2b093-8878-4955-9eb7-0748c8305002,usaf.productions,available,10.99,40.49,high,low,4,namesilo,,,25/09/2026 10:56
a7a942a0-2ad1-4344-b522-3518f7f018dc,upward.productions,available,5.89,32.29,high,low,6,spaceship,,,28/09/2026 09:54
30245d96-5dc1-4e31-bb98-8870433b4702,anasarca.productions,available,10.99,40.49,medium,low,8,namesilo,,,19/09/2026 03:14
9aaeba12-e182-459a-bdc0-dbb4b78a31cc,ahmed.productions,available,10.99,40.49,high,low,5,namesilo,,,25/09/2026 14:32
110e6b09-dc2c-4465-b208-bfdba30aa148,forties.productions,available,6.48,50.98,medium,low,7,namecheap,,,16/09/2026 12:06
f1d97c0c-7d8e-441d-9151-4eb635024925,regulate.productions,available,14.99,,high,low,8,name.com,,,
b42df877-9af1-4c70-a1dc-e61321a2ab6e,whimsy.productions,available,6.48,50.98,high,low,6,namecheap,,,20/09/2026 00:42
9d141de4-c554-4efd-8297-d50d10dcfa5d,cameron.productions,available,6.48,50.98,high,low,7,namecheap,,,25/09/2026 21:03
e0b14eda-4f76-4059-801a-abf13b95ecb2,isotonic.productions,available,6.48,50.98,medium,low,8,namecheap,,,22/08/2026 11:18
af78c807-e5b8-4c28-b9ee-9ad39ca28593,loss.productions,available,14.99,,high,low,4,name.com,,,
9b08a0ba-e77a-4d31-b4bd-eb52d1d793c7,plummet.productions,available,6.48,50.98,medium,low,7,namecheap,,,08/09/2026 21:42
ee1e9cb2-66b1-4ad1-8de8-09965889d8d5,azonal.productions,available,6.48,50.98,medium,low,6,namecheap,,,08/08/2026 02:27
72fe0ef6-0555-4e31-85dd-92f3a9370215,marginally.productions,available,6.48,50.98,medium,low,10,namecheap,,,15/09/2026 13:29
d715fab5-fd00-4c2e-9f63-b0d9a6810c47,wound.productions,available,10.99,40.49,high,low,5,namesilo,,,28/09/2026 11:06
25e7b57e-efb0-4152-8724-e3011dcd3856,offshore.productions,premium,242,242,high,low,8,namesilo,,,04/09/2026 01:37
3bcc9cc3-9801-42d6-999f-1a4d10ac4ce7,irreverent.productions,available,6.48,50.98,medium,low,10,namecheap,,,20/08/2026 16:04
30eed012-bcbf-4e58-a5a5-54e5cdba497b,extensile.productions,available,6.48,50.98,medium,low,9,namecheap,,,17/08/2026 19:01
d7d45ba2-fcf7-4428-b866-32be62182bb9,mandelbrot.productions,available,10.99,40.49,medium,low,10,namesilo,,,23/09/2026 08:35
cc682475-8c24-463c-9671-6935a26abf0a,ironed.productions,available,6.48,50.98,medium,low,6,namecheap,,,22/08/2026 10:04
97509db0-2490-4c75-998b-c3467e2c7852,enchanting.productions,available,6.48,50.98,medium,low,10,namecheap,,,09/08/2026 18:21
7e710e5c-3cc2-4d90-bc70-273605cdb575,inspirational.productions,available,14.99,,high,low,13,name.com,,,
94fab13b-0f6c-46b8-9a7c-c7d43a55f186,harlot.productions,available,14.99,52.99,medium,low,6,name.com,,,13/08/2026 14:19
140ac757-ebb1-43ee-8081-b0ef19705a4b,jagged.productions,available,6.48,50.98,medium,low,6,namecheap,,,17/08/2026 12:32
adc86c72-ec1b-4625-bf3c-a9c9407e31d4,reputedly.productions,available,6.48,50.98,medium,low,9,namecheap,,,15/09/2026 23:20
864d5c65-fd0b-41ea-8567-2add645815b2,recycled.productions,available,14.99,,high,low,8,name.com,,,
6770c881-3987-4bf4-8fbf-cc89c84015d7,agrigento.productions,available,6.48,50.98,medium,low,9,namecheap,,,17/09/2026 02:44
a1e26299-d55a-4877-8192-3d2825af92af,pyrogen.productions,available,6.48,50.98,medium,low,7,namecheap,,,09/09/2026 07:01
dde6ac15-c29f-4f43-aab9-4c4c665e6ff4,basinet.productions,available,10.99,40.49,medium,low,7,namesilo,,,22/09/2026 10:57
34ed102b-6d8a-4a27-a32a-e2594a7bb719,slavic.productions,available,6.48,50.98,high,low,6,namecheap,,,10/09/2026 10:36
a606ccc6-c5f7-43d3-8989-b7f72e3bbbf2,nicole.productions,available,14.99,,high,low,6,name.com,,,
dcbb7ebe-4e90-4083-9a5b-b5e311d4dd67,searched.productions,available,10.99,40.49,medium,low,8,namesilo,,,18/09/2026 02:50
51f95abd-c44a-4bca-8556-1ab6b33cdfcb,elfish.productions,available,6.48,50.98,medium,low,6,namecheap,,,16/08/2026 03:41
cebab518-e12b-46fb-ba32-802edcab03b0,fatuous.productions,available,6.48,50.98,low,low,7,namecheap,,,07/08/2026 02:39
b7520216-dc01-44c6-a6f1-651bdf086c36,mcneill.productions,available,5.89,32.29,medium,low,7,spaceship,,,29/09/2026 04:34
a7e4bf7e-57c5-4a82-af1b-097d99aa7775,bitty.productions,available,6.48,50.98,high,low,5,namecheap,,,10/08/2026 07:51
2dcf8e12-6553-41ff-b390-d2e17781b142,inventory.productions,available,10.99,40.49,high,low,9,namesilo,,,28/09/2026 06:22
9c8b77ae-1bd9-47eb-a29c-14b73fa7862a,conductive.productions,available,6.48,50.98,high,low,10,namecheap,,,12/08/2026 20:33
af04a2c7-505f-4a2c-95a6-71f7c8f4f4c0,maledict.productions,available,6.48,50.98,low,low,8,namecheap,,,
31ff5f30-df25-4cd0-a291-d1794875e5d0,sulphuric.productions,available,6.48,50.98,medium,low,9,namecheap,,,11/09/2026 01:27
321acf2d-82e4-42e7-8d74-c7b358cb0813,planktonic.productions,available,6.48,50.98,medium,low,10,namecheap,,,08/09/2026 20:46
42de3ea7-4351-478e-be73-e05acc605bd9,knackered.productions,available,6.48,50.98,medium,low,9,namecheap,,,22/08/2026 16:23
d708a527-64ca-4c15-92fb-8d9c4527297b,godwin.productions,available,10.99,40.49,high,low,6,namesilo,,,28/09/2026 11:40
02006a68-73c4-4578-b4f7-61bb2521aafc,respected.productions,available,8.24,33.39,high,low,9,dynadot,,,27/09/2026 12:38
ab8d1b8f-9d78-48d5-9296-91f50268ae29,matisse.productions,available,14.99,,high,low,7,name.com,,,
0c9cd8b0-de5c-4570-8739-340faeab7839,alps.productions,available,10.99,40.49,high,low,4,namesilo,,,18/09/2026 14:12
00bd567a-47be-4645-937e-a7c84eb3a675,welcome.productions,available,6.48,50.98,high,low,7,namecheap,,,13/09/2026 10:12
e4b958d8-f9e0-43c9-8fbe-9dbe338c1a71,aucuba.productions,available,6.48,50.98,medium,low,6,namecheap,,,21/09/2026 02:47
1561dcd7-914e-4f6c-b295-aac3bf97cb84,occupations.productions,available,10.99,40.49,medium,low,11,namesilo,,,16/09/2026 10:00
d131761a-13ac-4dd6-b9d2-91eb90b1c3b6,citywide.productions,available,6.48,50.98,high,low,8,namecheap,,,12/08/2026 09:00
6ffa0918-ec54-46e0-b592-d83973e1e5d8,pei.productions,available,6.48,50.98,medium,low,3,namecheap,,,28/09/2026 14:30
024b10ad-897e-4339-8dfe-076c3565d39c,monkish.productions,available,6.48,50.98,medium,low,7,namecheap,,,25/08/2026 04:53
8071cdc4-67c4-4687-945b-c5029c4fc411,polled.productions,available,6.48,50.98,high,low,6,namecheap,,,20/09/2026 17:21
51480b86-f05f-4f79-9c3f-2d8f35ba7cac,pertinence.productions,available,6.48,50.98,medium,low,10,namecheap,,,19/09/2026 21:52
4ee37ca3-d033-4aa5-aee8-d7ed788bf088,nab.productions,premium,38.94,38.94,high,medium,3,namesilo,,,20/09/2026 09:04
fd9c4b2f-2c5d-4c6d-98e8-bc231205c183,missoula.productions,available,10.5,,medium,low,8,unstoppable,,,29/09/2026 01:41
1a33c747-a84c-447f-af5c-486f7af298f6,skunk.productions,available,6.48,50.98,high,low,5,namecheap,,,11/08/2026 09:13
28be16d4-8d53-4c22-9fa2-154aea7c5e76,gymnastic.productions,available,6.48,50.98,high,low,9,namecheap,,,
1091a37f-fe89-403b-a931-b67d24a250f5,buttermilk.productions,available,10.99,40.49,high,low,10,namesilo,,,24/09/2026 11:20
6f7521e0-3e83-4e43-a136-578360397304,bicycler.productions,available,10.99,40.49,medium,low,8,namesilo,,,23/09/2026 13:23
e67c7e49-bfec-4ea2-ada5-e7ef44b27d7a,upraised.productions,available,6.48,50.98,medium,low,8,namecheap,,,23/08/2026 01:53
54d2a46a-3859-46b7-acdf-d95c18df4a8e,write.productions,available,14.99,,high,low,5,name.com,,,
6565fd94-7d4c-4606-81d3-e70364fc913c,cheeky.productions,available,6.48,50.98,high,low,6,namecheap,,,11/08/2026 02:26
315c841d-695a-4367-a2da-544c4d2380c1,persons.productions,available,8.24,32.44,medium,low,7,porkbun,,,27/09/2026 21:14
bc514732-8a82-4071-9748-c1271e3cecd0,hanger.productions,available,14.99,,medium,low,6,name.com,,,
b6f7381c-f880-45b5-b070-d0bbea1ed581,cannibal.productions,available,10.99,40.49,medium,low,8,namesilo,,,19/09/2026 13:56
53fc5912-2426-4aa6-977a-9d2877bece53,cavalry.productions,available,10.99,40.49,high,low,7,namesilo,,,28/09/2026 09:16
b67a495f-11e0-41ae-8ab7-da550972b48b,referee.productions,available,10.99,40.49,high,low,7,namesilo,,,28/09/2026 10:49
d8bfa965-6eee-4cb6-b68e-0e5ef7ac6449,landwards.productions,available,6.48,50.98,medium,low,9,namecheap,,,15/09/2026 10:41
8cb2b172-c492-4d2e-b524-87df4541244e,stunner.productions,available,6.48,50.98,high,low,7,namecheap,,,22/08/2026 16:40
a6567f1e-3b3c-44e9-bcb3-b610872ae0e0,planners.productions,available,6.48,50.98,medium,low,8,namecheap,,,21/09/2026 08:32
3249d164-3fe1-4cdb-90fa-d5186fe09673,charitable.productions,available,6.48,50.98,high,low,10,namecheap,,,12/08/2026 02:34
649ec527-02ed-465d-9761-3f497f01f028,acceptable.productions,available,10.99,40.49,high,low,10,namesilo,,,21/09/2026 15:23
b1bca7bd-2887-44ab-b108-2d85e2e46f28,waite.productions,available,6.48,50.98,medium,low,5,namecheap,,,28/09/2026 19:55
28f8c2f0-dfa4-4b1b-9aab-79f451a8324d,punctured.productions,available,6.48,50.98,medium,low,9,namecheap,,,08/09/2026 16:56
d37844d4-b543-4d2f-85d6-226aff089b22,comical.productions,premium,78.54,78.54,high,low,7,namesilo,,,23/09/2026 15:19
512661b3-b708-4c61-9d0d-2bb731cdbcbd,laxative.productions,available,6.48,50.98,high,low,8,namecheap,,,22/08/2026 21:25
1920bc55-7352-4b49-a618-43fcf75c2cd2,september.productions,available,14.99,,high,low,9,name.com,,,
3216212a-e299-4f70-9639-d3f095c5cae2,kidnapping.productions,available,10.99,40.49,medium,low,10,namesilo,,,25/09/2026 08:11
79d8dcdd-a599-4f9b-b5f1-4bdcfe54108d,tellurium.productions,available,10.99,40.49,medium,low,9,namesilo,,,20/09/2026 23:13
ddb0784e-8812-48b1-8610-e98d96727c9c,diploid.productions,available,6.48,50.98,medium,low,7,namecheap,,,14/08/2026 08:26
786cbd05-a1da-4a17-a3cb-7484b5580ca2,norvasc.productions,available,10.99,40.49,medium,low,7,namesilo,,,18/09/2026 21:58
2f9e98ca-b2ef-4f20-be44-844cc7c920d7,benzene.productions,available,10.99,40.49,high,low,7,namesilo,,,23/09/2026 08:52
adaafbfa-1f74-4699-97af-a0af7f0276fa,tissue.productions,available,6.48,50.98,high,low,6,namecheap,,,27/09/2026 05:43
dfa0ab9f-4e19-4f9e-847b-a167dbc46cb7,surgically.productions,available,10.99,40.49,medium,low,10,namesilo,,,16/09/2026 07:41
59a96aa3-d480-4a48-8b36-4264733a878a,descendant.productions,available,6.48,50.98,high,low,10,namecheap,,,14/08/2026 03:14
e1ac1840-7cb6-467c-8a7e-9a4b857782c0,mbe.productions,available,31.2,31.2,high,low,3,cloudflare,,,28/09/2026 22:27
7e8c4b76-6968-49ac-8ea6-3a492dc16410,good.productions,premium,85.8,85.8,high,medium,4,namecheap,,,28/09/2026 04:33
39d53f29-a6c6-4922-bacd-282b933918e8,awed.productions,available,6.48,50.98,medium,low,4,namecheap,,,08/08/2026 00:44
9be2882e-3afc-405d-ac4a-7cb228d0e410,ursine.productions,available,6.48,50.98,low,low,6,namecheap,,,12/09/2026 23:53
c4a0ff1d-8f41-47bb-b010-ea34cab9ae20,undeserved.productions,available,6.48,50.98,medium,low,10,namecheap,,,12/09/2026 07:43
bdd3bf6e-8abb-4a56-862e-2adefd0eac9f,lang.productions,available,14.99,,high,low,4,name.com,,,
d3ed657d-5394-4adc-94ab-f69068a4f8df,altawhid.productions,available,6.48,50.98,medium,low,9,namecheap,,,18/09/2026 01:07
7eec661d-d28d-469c-a738-e84f6f5d91b2,skinned.productions,available,6.48,50.98,high,low,7,namecheap,,,10/09/2026 09:44
44f1f911-743c-4be7-9b34-ad8ab22d436d,hushed.productions,available,6.48,50.98,medium,low,6,namecheap,,,21/08/2026 15:54
dee3a76e-d86b-4e31-8a53-4e77584ea75d,christians.productions,available,6.48,50.98,medium,low,10,namecheap,,,16/09/2026 12:24
2a7ba8f5-e1e6-4646-8adf-94bddafb1788,kali.productions,available,10.99,40.49,high,low,4,namesilo,,,22/09/2026 05:54
23d9a8d0-72dc-4d01-a01e-6ee46848fd62,kellogg.productions,available,8.24,33.39,high,low,7,dynadot,,,27/09/2026 14:32
f21bab05-8359-4334-8585-3899a90e8bb4,memphis.productions,premium,118.8,118.8,high,low,7,namesilo,,,28/09/2026 06:24
5e1f7131-4080-4bde-b0dc-4d6721c4f002,debase.productions,available,6.48,50.98,medium,low,6,namecheap,,,
c428c0fd-18b1-475a-8a95-36bcfb953789,frisky.productions,available,6.48,50.98,high,low,6,namecheap,,,18/08/2026 16:02
20a82381-18ff-4940-b54a-6277695ca698,blacken.productions,available,6.48,50.98,medium,low,7,namecheap,,,10/08/2026 11:10
af9f8d1d-205f-4ced-bbe4-60132ada2b5c,allan.productions,available,8.24,32.44,high,low,5,porkbun,,,28/09/2026 16:24
665b419b-804e-45de-ba0d-2e51f2e648fa,airily.productions,available,6.48,50.98,medium,low,6,namecheap,,,13/09/2026 18:31
1cebd9b8-bc92-48d1-8e22-32c749d1a27e,hastily.productions,available,6.48,50.98,medium,low,7,namecheap,,,14/09/2026 23:06
7374a0ef-b8a6-40ce-85ba-c196474947b4,forces.productions,available,6.48,50.98,high,low,6,namecheap,,,16/09/2026 15:45
bf0968d1-7355-4696-b099-2d833ed8b005,jin.productions,available,5.89,32.29,high,low,3,spaceship,,,28/09/2026 07:26
24f525a9-8df7-4121-a4b7-0bd230d90f97,afflicted.productions,available,6.48,50.98,high,low,9,namecheap,,,
6ef60b23-d6bd-4e16-832f-b5ecdbf29714,essentially.productions,available,5.89,32.29,medium,low,11,spaceship,,,28/09/2026 07:07
ac11ad39-58ef-45f3-bd6f-ad28db07c976,lock.productions,available,14.99,,high,low,4,name.com,,,
c91e6df1-19f4-4e80-9c15-67ee51dd0902,guileless.productions,available,6.48,50.98,medium,low,9,namecheap,,,20/08/2026 20:48
e8a7d182-6e66-4476-91b4-50372e992e05,mean.productions,available,6.48,50.98,high,low,4,namecheap,,,22/09/2026 18:47
0c1aeccb-ecee-43c3-a5c6-a9d0c3b36855,monoatomic.productions,available,6.48,50.98,medium,low,10,namecheap,,,25/08/2026 04:18
392252c3-b168-48ef-8011-875942945a73,acervate.productions,available,6.48,50.98,medium,low,8,namecheap,,,
aaf592e9-1801-4d21-98df-003cb307dd87,mobs.productions,available,10.99,40.49,medium,low,4,namesilo,,,18/09/2026 05:11
7956be68-d8f3-4746-8139-86bef6f19f3e,shovels.productions,available,10.99,40.49,medium,low,7,namesilo,,,20/09/2026 10:22
d12af4f0-0716-41d2-9561-764931af0a78,graham.productions,available,6.48,50.98,high,low,6,namecheap,,,23/09/2026 16:49
057cbe26-bd2d-40e7-ac32-cbe02cb0eaeb,adagio.productions,available,6.48,50.98,high,low,6,namecheap,,,
64137755-99f4-44f3-ba14-97f0be7fd4c0,dolorous.productions,available,6.48,50.98,medium,low,8,namecheap,,,14/08/2026 15:30
04e14890-7ee8-42f8-a0cc-45e01f566c47,cinnamon.productions,available,14.99,,high,low,8,name.com,,,
480bef01-bd54-4446-b662-7a5f2cd4a1d3,workout.productions,available,14.99,,high,low,7,name.com,,,
76fa7a81-82d1-4c13-9d4d-aef09d9a1a16,helen.productions,available,10.99,40.49,high,low,5,namesilo,,,25/09/2026 07:10
b1ad53b8-4709-4a6a-9820-946d05e3088d,ingrid.productions,available,10.99,40.49,medium,low,6,namesilo,,,28/09/2026 16:32
b329c6ed-8a0e-44bc-977d-9501062c7919,bakehouse.productions,available,6.48,50.98,high,low,9,namecheap,,,21/09/2026 20:13
edc9f79e-76f3-4e62-9a40-424258787052,anubis.productions,available,10.99,40.49,medium,low,6,namesilo,,,19/09/2026 11:58
fff3d7a4-8481-483f-9884-400f02c84f0d,runabout.productions,available,14.99,,medium,low,9,name.com,,,
16a4b64c-b5f2-4a64-9fae-018e8765504d,baum.productions,available,10.99,40.49,high,low,4,namesilo,,,22/09/2026 16:38
97c1b8a0-9834-4fed-a63a-31868e80cdbc,julia.productions,available,6.48,50.98,high,low,5,namecheap,,,25/09/2026 19:23
7642fbd6-2d67-4eab-9879-21920be4ac4c,multiple.productions,available,10.99,40.49,high,low,8,namesilo,,,25/09/2026 22:06
5c447109-0ec5-4666-9cb3-0ab3740051b9,cosset.productions,available,10.99,40.49,high,low,6,namesilo,,,21/09/2026 13:00
6b8ffa1c-d5c4-4874-9ea0-4d91315d69ba,aegina.productions,available,6.48,50.98,medium,low,6,namecheap,,,17/09/2026 12:15
9f02b4af-62fc-46be-aa59-79199fc7be1b,homeless.productions,available,6.48,50.98,high,low,8,namecheap,,,14/08/2026 12:07
9a856ddb-d066-40b6-8b6b-c61956e27906,sabotage.productions,available,10.5,,medium,low,8,unstoppable,,,28/09/2026 13:47
56be9ed6-82b7-4b04-aac2-6eec2fe6e73d,hoar.productions,available,6.48,50.98,medium,low,4,namecheap,,,20/08/2026 19:18
6430f7fe-e325-482c-913d-bfb0ce005e82,endovenous.productions,available,6.48,50.98,medium,low,10,namecheap,,,17/08/2026 01:21
a619cf16-2798-4cad-9d2e-72cc16407015,seating.productions,available,10.99,40.49,high,low,7,namesilo,,,29/09/2026 02:06
287ee41e-47c4-4e45-839f-c0538794c875,cone.productions,available,14.99,,high,low,4,name.com,,,
495389c4-da5f-4322-b797-5ecec2ee413a,vincennes.productions,available,5.89,32.29,medium,low,9,spaceship,,,28/09/2026 22:26
c0dd8009-eb0f-44a2-bcb9-cffb4ee5492f,engaging.productions,available,10.99,40.49,high,low,8,namesilo,,,28/09/2026 07:52
e82593fb-734a-47a8-b66b-5c771dc7aecb,gogh.productions,available,5.89,32.29,medium,low,4,spaceship,,,28/09/2026 19:21
9fdb12bb-6d5e-4831-951b-3aaaaa9daf7c,ubiquitous.productions,available,6.48,50.98,high,low,10,namecheap,,,04/09/2026 13:54
b8b70b40-b3bc-418f-ba4d-1568c4bb9ca8,bohme.productions,available,10.99,40.49,medium,low,5,namesilo,,,23/09/2026 03:34
8b5a3f01-e384-4957-a9e3-9ec66b90b39a,rolled.productions,available,6.48,50.98,high,low,6,namecheap,,,18/08/2026 18:46
b4961d5b-4776-4c8e-9571-dfba47ea7d32,sands.productions,available,6.48,50.98,high,low,5,namecheap,,,24/08/2026 07:38
1e860a96-f2ae-4248-b790-ab67097f7b19,croak.productions,available,6.48,50.98,medium,low,5,namecheap,,,24/09/2026 19:33
ba001318-0138-48e9-a19c-f4bf55e6c849,abronia.productions,available,10.99,40.49,medium,low,7,namesilo,,,16/09/2026 17:19
067914b0-929e-43b2-a744-5a7f215affcc,underling.productions,available,6.48,50.98,medium,low,9,namecheap,,,11/09/2026 00:39
474f3cdb-87bb-46cd-9a83-86af016670f2,connected.productions,available,10.99,40.49,high,medium,9,namesilo,,,19/09/2026 11:24
20e1d8e3-b8e1-463d-8496-39433487186f,grande.productions,available,10.99,40.49,medium,low,6,namesilo,,,29/09/2026 02:58
b3a0925f-ce51-4a34-9b93-829f3f98985d,rivalrous.productions,available,6.48,50.98,medium,low,9,namecheap,,,09/09/2026 18:06
c9028709-605e-441f-8e0d-9f7dc34ac58d,spotlight.productions,resell,,,high,high,9,,,,28/09/2026 09:48
5ad3cef9-d05a-4b9d-ad5e-9bf3bd3ebee5,remind.productions,available,14.99,52.99,high,low,6,name.com,,,24/09/2026 20:14
9df9236a-a93d-4f64-b370-743ad660ddf3,receptive.productions,available,6.48,50.98,high,low,9,namecheap,,,09/09/2026 11:23
57038511-7163-44c8-b8c5-5a6aa898e828,improbably.productions,available,6.48,50.98,medium,low,10,namecheap,,,15/09/2026 02:27
aa372936-4d00-4572-80cd-6e82ca47fafa,bangalore.productions,available,10.99,40.49,high,low,9,namesilo,,,22/09/2026 01:45
3a6d5308-412c-4819-95ab-f4f83346b6a8,coordinates.productions,available,10.5,,medium,low,11,unstoppable,,,28/09/2026 04:24
d83fa2a5-901a-4177-80cb-e6526ed96df7,carambola.productions,available,10.99,40.49,medium,low,9,namesilo,,,21/09/2026 09:14
57cd7849-3da6-4ac4-ac7f-7989e5ba29f7,deeply.productions,available,6.48,50.98,medium,low,6,namecheap,,,13/08/2026 22:30
d955c141-8bd8-4dee-90dc-8ef6c307c675,fiduciary.productions,available,6.48,50.98,high,low,9,namecheap,,,18/08/2026 03:39
544707b3-d95e-4c34-a151-c21bbbf21449,subaltern.productions,available,6.48,50.98,medium,low,9,namecheap,,,22/08/2026 14:29
8c03f57e-8923-49cb-a6cb-54dc457977c7,lithuania.productions,available,,,high,high,9,,,,
939debfd-e39a-4322-8fb0-a1b1db32eb2b,tyres.productions,available,6.48,50.98,medium,low,5,namecheap,,,20/09/2026 19:00
da88d152-f489-4ecb-b517-0f33b36618ca,immature.productions,available,6.48,50.98,medium,low,8,namecheap,,,21/08/2026 20:52
26fcf2d7-a385-4a5a-9109-e895b62039ab,steelyard.productions,available,6.48,50.98,medium,low,9,namecheap,,,22/09/2026 19:57
27ac0c07-974d-4ad8-92e4-01d033cf62a4,cooker.productions,available,6.48,50.98,high,low,6,namecheap,,,24/09/2026 18:03
d7c2e060-7570-4777-a40e-0eee0fd3db7f,entrance.productions,available,6.48,50.98,high,low,8,namecheap,,,22/08/2026 01:46
1849c2b9-63d9-4578-83f2-836790e8575a,den.productions,premium,42.9,42.9,high,low,3,namecheap,,,24/09/2026 21:50
89f5190b-a9cc-4d74-b858-aed87cb86ff3,briefly.productions,available,10.99,40.49,high,low,7,namesilo,,,28/09/2026 13:31
b653b99d-a2f1-48b0-b277-f37d0b432cc0,botchy.productions,available,6.48,50.98,medium,low,6,namecheap,,,10/08/2026 20:53
c5606adf-8d36-46a0-8d1a-f907340d8d61,slaughtered.productions,available,31.2,31.2,medium,low,11,cloudflare,,,29/09/2026 05:12
f59cbc5a-df63-4c84-987a-b5c89862abc7,deceiver.productions,available,10.99,40.49,medium,low,8,namesilo,,,23/09/2026 02:29
0792ac72-d403-40a4-85cf-d30c75048163,frighten.productions,available,10.99,40.49,medium,low,8,namesilo,,,17/09/2026 14:50
3bf64e84-d55e-4816-8aa0-0017b8888a1e,atropa.productions,available,6.48,50.98,medium,low,6,namecheap,,,21/09/2026 00:54
012f038c-840c-4998-8a73-fcfccbaa660b,orphanage.productions,available,5.89,32.29,medium,low,9,spaceship,,,28/09/2026 10:38
45dbe130-c34c-45e2-9b70-17ee07499a80,castaway.productions,available,6.48,50.98,high,low,8,namecheap,,,04/09/2026 19:05
b9922030-cf30-430b-8919-18993ea0047b,actias.productions,available,10.99,40.49,medium,low,6,namesilo,,,17/09/2026 04:29
cc8009c9-0401-4b7c-ba2e-b51f187da307,ugh.productions,premium,78.54,78.54,medium,low,3,namesilo,,,
098d7480-ed2d-4f57-83cb-de6ede0e2ab1,kim.productions,premium,128.7,128.7,high,low,3,namecheap,,,25/09/2026 19:17
1740b707-7b34-4011-b967-eff60a946a91,branches.productions,available,5.89,32.29,medium,low,8,spaceship,,,28/09/2026 17:02
9f9b3ddf-75e2-4c56-a84e-2f28e8d68517,sketch.productions,available,10.99,40.49,high,low,6,namesilo,,,28/09/2026 01:36
15740295-034d-4db6-a26d-e9fd3d22dfe0,acarpous.productions,available,6.48,50.98,medium,low,8,namecheap,,,
bc547a89-62ec-494a-9839-a4b63903b2a8,wilted.productions,available,6.48,50.98,medium,low,6,namecheap,,,23/08/2026 13:24
325172c7-ddf0-47fa-89f4-baf81e53d173,bulbous.productions,available,6.48,50.98,medium,low,7,namecheap,,,09/08/2026 13:39
971aac69-e0bb-4c3c-a264-f3179f2f84ae,possibly.productions,available,8.24,33.39,medium,low,8,dynadot,,,28/09/2026 16:14
05e1149c-af7e-436b-8329-4f58cb229dcb,pummel.productions,available,10.99,40.49,medium,low,6,namesilo,,,23/09/2026 13:52
1a018e09-2cf4-406e-bddd-81a983b65a96,eritrean.productions,available,6.48,50.98,high,low,8,namecheap,,,17/08/2026 12:22
f0461101-fe82-40f8-ad97-74315e47d40c,aide.productions,available,6.48,50.98,high,low,4,namecheap,,,22/09/2026 14:20
99def7a0-fb9c-414c-bd3f-8d8d75803170,guangdong.productions,available,8.24,32.44,medium,low,9,porkbun,,,28/09/2026 09:58
fdf7863f-71aa-4e0e-bd58-fe202acd1a5e,wishing.productions,available,14.99,,high,low,7,name.com,,,
38405655-6133-40dd-86d8-f3305aca830c,indigent.productions,available,6.48,50.98,medium,low,8,namecheap,,,14/08/2026 04:34
bd112f05-6a11-4e95-aa21-e535214d99da,boringly.productions,available,6.48,50.98,medium,low,8,namecheap,,,14/09/2026 01:08
33d4e981-abda-4160-bad9-2ed04dfeec6c,mackenzie.productions,available,6.48,50.98,high,low,9,namecheap,,,25/09/2026 21:54
c9faf3df-a19d-4d4d-8d72-2c744fb91658,alterable.productions,available,10.99,40.49,medium,low,9,namesilo,,,22/09/2026 02:18
f84e2fd4-832a-4ae7-a5a3-7383041f3c3f,realise.productions,available,10.99,40.49,high,low,7,namesilo,,,27/09/2026 16:29
c7dc4fab-339f-4cb6-ad68-28a70089014e,aphrodite.productions,available,10.99,40.49,high,low,9,namesilo,,,19/09/2026 17:15
5db763c8-e3e2-4170-a625-29a98d63272d,diagram.productions,available,10.99,40.49,high,low,7,namesilo,,,24/09/2026 22:08
c151d9f5-9b20-447c-bd0e-cf6948db8bf5,enatic.productions,available,6.48,50.98,medium,low,6,namecheap,,,16/08/2026 21:20
8c906d1f-bd34-4182-b5df-ac6e285b3bd5,untucked.productions,available,6.48,50.98,low,low,8,namecheap,,,12/09/2026 21:50
7ba04399-9185-420a-9782-8d1184d797da,tools.productions,premium,128.7,128.7,high,medium,5,namecheap,,,17/09/2026 15:46
6f2138aa-0e81-438b-865d-b44ef781b582,edged.productions,available,14.99,52.99,medium,low,5,name.com,,,13/08/2026 13:14
4b5575f9-cf41-49ec-a70b-9669655cb1c7,loire.productions,available,31.2,31.2,medium,low,5,cloudflare,,,28/09/2026 14:48
dd72b87d-037d-483f-863c-ccc4facfc5b7,philosopher.productions,available,5.89,32.29,high,low,11,spaceship,,,28/09/2026 11:16
ffdb6a5d-1f32-46f5-bd1b-8eaae6ce0acd,floccose.productions,available,6.48,50.98,medium,low,8,namecheap,,,18/08/2026 08:36
10346260-8ca3-4e3a-99c9-4df876685a7d,saucer.productions,available,14.99,,high,low,6,name.com,,,
a024713d-1aa5-431b-86f8-b1077d63b9ee,binful.productions,available,10.99,40.49,medium,low,6,namesilo,,,23/09/2026 17:14
75141c55-cdaf-43bd-8ea9-d510e60c6ba0,kleenex.productions,available,14.99,,high,low,7,name.com,,,
81b78673-1d18-44f7-933b-8eb436d96dc0,schweitzer.productions,available,10.99,40.49,high,low,10,namesilo,,,18/09/2026 02:40
649be160-2cee-4f7b-ab59-c4b10991c7b1,scripts.productions,available,6.48,50.98,medium,low,7,namecheap,,,29/09/2026 05:41
757a9ea9-96b1-4d4f-897b-8645f06e0997,probably.productions,available,10.99,40.49,high,low,8,namesilo,,,25/09/2026 13:48
a77f5a20-2d9f-4f65-8535-3571a834833d,angela.productions,available,6.48,50.98,high,low,6,namecheap,,,25/09/2026 13:41
2111789b-54c1-4ecb-af28-eb78a70a0b9b,inapt.productions,available,6.48,50.98,medium,low,5,namecheap,,,21/08/2026 18:51
4721ed9b-5db3-4657-a267-109cd9ef5431,primer.productions,available,14.99,,high,low,6,name.com,,,
bdafe80a-0aad-41ed-ac9b-b392aa7377a1,generation.productions,available,10.99,40.49,high,low,10,namesilo,,,24/09/2026 16:15
d757619b-b776-436b-afe5-5869e2f442d5,callahan.productions,available,10.99,40.49,medium,low,8,namesilo,,,28/09/2026 08:05
9b9c2b2d-b702-4291-a256-186eea3fffb4,amazed.productions,available,10.99,40.49,high,low,6,namesilo,,,22/09/2026 03:33
7bd49c23-41a3-4c1c-a3e1-644518d32264,reid.productions,available,10.99,40.49,high,low,4,namesilo,,,25/09/2026 10:17
5f032d24-37be-43fc-aaaa-9c036272ac79,berretta.productions,available,10.99,40.49,medium,low,8,namesilo,,,23/09/2026 10:07
38fdf5e6-4f50-40d9-b5f0-8b2ed5a390aa,balaton.productions,available,6.48,50.98,medium,low,7,namecheap,,,21/09/2026 21:18
d0c2a67d-3808-47f8-b40f-c9622780aa11,sherwood.productions,available,10.99,40.49,high,low,8,namesilo,,,25/09/2026 10:26
8a1a3f40-b18d-4f68-b988-d5494b4eeeee,unkeyed.productions,available,6.48,50.98,low,low,7,namecheap,,,07/08/2026 13:50
0c5a1223-28f7-46c8-978b-edd88c16c296,termed.productions,available,10.99,40.49,medium,low,6,namesilo,,,19/09/2026 00:21
c113a2e5-8d37-4b68-9e8c-2090f9b1721e,printers.productions,available,10.99,40.49,medium,low,8,namesilo,,,21/09/2026 00:30
b74cd20b-c2ec-47b6-97d8-f6970b97b178,taxonomic.productions,available,6.48,50.98,medium,low,9,namecheap,,,11/09/2026 09:30
753b2af4-07ec-4ada-9b90-b2d78d5e2ef7,themselves.productions,available,6.48,50.98,medium,low,10,namecheap,,,25/09/2026 16:52
025bdd02-1da7-442f-8ad8-f305ad39e06d,allograph.productions,available,10.99,40.49,medium,low,9,namesilo,,,18/09/2026 11:54
d21c22d3-51ab-4378-91b5-37f64c39c35f,sustenance.productions,available,10.99,40.49,high,low,10,namesilo,,,18/09/2026 07:54
7baf1b69-e298-4a89-b30e-e2d1cb2847b5,trifid.productions,available,6.48,50.98,medium,low,6,namecheap,,,11/09/2026 19:33
1d1b7394-5a46-458a-9185-6b07fdca05d2,diabetic.productions,available,6.48,50.98,high,low,8,namecheap,,,14/08/2026 05:36
35396ed0-8e0c-4e5f-a80c-2fd3d6102797,huffish.productions,available,6.48,50.98,medium,low,7,namecheap,,,21/08/2026 14:38
bfa3fc34-ee6e-4229-8427-7c10e45678ac,downwards.productions,available,6.48,50.98,medium,low,9,namecheap,,,14/08/2026 17:16
81101e2d-5764-4b6f-a6f9-7cf3c522e517,knesset.productions,available,6.48,50.98,medium,low,7,namecheap,,,28/09/2026 19:39
e0c2f769-986c-4af2-a0ee-81e4972fb2d6,shandong.productions,available,10.99,40.49,medium,low,8,namesilo,,,29/09/2026 03:52
b385dc98-3bcd-4f5e-8417-2f1db919f481,beetroot.productions,available,10.99,40.49,high,low,8,namesilo,,,23/09/2026 01:58
f0e3a130-5778-4488-9feb-c57a6c577e73,sunblind.productions,available,10.99,40.49,medium,low,8,namesilo,,,21/09/2026 10:15
8f5765ae-a953-401e-a413-a05a97cd29c8,eminently.productions,available,6.48,50.98,medium,low,9,namecheap,,,14/09/2026 15:19
ff8987ed-63d6-4f53-9c1d-a6441c2c1194,claudia.productions,available,10.99,40.49,high,low,7,namesilo,,,25/09/2026 13:43
040c7645-96a0-4b8e-9b21-b99b9b9f017e,mia.productions,premium,78.54,78.54,high,medium,3,namesilo,,,28/09/2026 07:40
7f58c206-2aae-4afd-823c-5e4ebcbf0f06,lingo.productions,available,6.48,50.98,medium,low,5,namecheap,,,13/09/2026 04:12
e82439a1-7448-456f-8316-7a923e074133,advertises.productions,available,10.99,40.49,medium,low,10,namesilo,,,18/09/2026 17:19
238e2d13-771a-4351-8d58-21dfb807817d,reached.productions,available,6.48,50.98,medium,low,7,namecheap,,,17/09/2026 19:16
6e6aed96-7338-4d70-9e1d-9f26aef8aec2,sphincter.productions,available,6.48,50.98,medium,low,9,namecheap,,,19/09/2026 03:31
ffec254f-ca0a-4ce0-8ed0-b317a31513ae,doris.productions,available,10.99,40.49,high,low,5,namesilo,,,27/09/2026 03:46
3febd0b0-31ff-48af-a7b3-a07928fd3b21,asynchrony.productions,available,10.99,40.49,medium,low,10,namesilo,,,20/09/2026 18:41
b516270d-e2b3-42da-9075-b1651cc14e39,shaped.productions,available,6.48,50.98,high,low,6,namecheap,,,25/08/2026 03:44
e028f657-62fd-4d1a-a07c-aac24b7c4e56,province.productions,available,14.99,,high,low,8,name.com,,,
3562ac8d-5820-4f83-9ade-afa8dafa2937,nora.productions,available,6.48,50.98,high,low,4,namecheap,,,25/09/2026 14:35
612edd91-52dc-4721-a5c6-ac2af602dfe3,minus.productions,available,6.48,50.98,medium,low,5,namecheap,,,25/08/2026 00:55
f6cb97f2-ac69-411c-bf20-ae65eef78c92,turner.productions,available,5.89,32.29,high,low,6,spaceship,,,29/09/2026 00:58
a78432ce-0975-4588-bc2e-58a24e7f2997,victoria.productions,available,14.99,,high,low,8,name.com,,,
ec6f123a-6aa6-42d3-bb34-04616e104526,offspring.productions,available,10.5,,high,low,9,unstoppable,,,28/09/2026 11:24
d3392224-4f80-43a2-95d9-73787eabad74,archway.productions,available,10.99,40.49,high,low,7,namesilo,,,20/09/2026 02:39
d57e37c1-3254-47bc-901f-95cd7f76cc09,ngc.productions,available,10.99,40.49,medium,low,3,namesilo,,,28/09/2026 13:16
3aff6681-73a0-4c3f-be12-22fb8e0556b4,moo.productions,available,6.48,50.98,high,low,3,namecheap,,,24/08/2026 10:19
c4725f97-491e-4aa6-80d0-ab67d2dab5af,kodiak.productions,available,10.99,40.49,high,low,6,namesilo,,,18/09/2026 02:05
6c63e23b-3591-44b7-a4d5-8e3d337c2c89,plague.productions,available,6.48,50.98,medium,low,6,namecheap,,,29/09/2026 02:58
0d90b626-c591-4b67-9ca6-bda0a630c7cc,abohm.productions,available,10.99,40.49,medium,low,5,namesilo,,,16/09/2026 16:26
a44a7f9d-186b-487e-8f59-28370b47cce3,allegro.productions,available,6.48,50.98,high,low,7,namecheap,,,22/09/2026 01:21
c0eea3be-6f69-4084-9019-1db26501093e,beanbag.productions,available,6.48,50.98,high,low,7,namecheap,,,22/09/2026 20:20
8015d7f3-5419-4ca2-9369-c428ddfb58c0,delusory.productions,available,6.48,50.98,low,low,8,namecheap,,,13/08/2026 21:18
5870b8fd-502b-41e4-bb19-fea25838570e,janice.productions,available,31.2,31.2,high,low,6,cloudflare,,,27/09/2026 19:53
c4617500-4b43-4f33-ac59-d8082a123486,crop.productions,premium,85.8,85.8,high,low,4,namecheap,,,24/09/2026 19:07
a3d6c2a1-4e90-4526-ad44-60d33b96d69b,sack.productions,available,6.48,50.98,high,low,4,namecheap,,,03/09/2026 15:56
f28d8470-1bce-4237-ad2d-5acd2451c76b,henrietta.productions,available,10.99,40.49,high,low,9,namesilo,,,25/09/2026 17:42
a639c0db-1338-4dfc-869b-ebc11d3591fd,sear.productions,available,6.48,50.98,medium,low,4,namecheap,,,14/08/2026 19:05
9682d722-d7dd-48e7-9cc8-56daebdf8ccf,herald.productions,available,10.99,40.49,high,low,6,namesilo,,,16/09/2026 22:39
13c1ef63-a913-4438-8aa3-2cd1095189b5,truffle.productions,available,14.99,,high,low,7,name.com,,,
e4540f65-003f-4bfa-b253-c3a3b11f1304,basophil.productions,available,10.99,40.49,medium,low,8,namesilo,,,22/09/2026 11:30
8c320d31-4fe0-4736-8199-7f2b98c7afcd,rayless.productions,available,6.48,50.98,medium,low,7,namecheap,,,09/09/2026 10:46
da0d5e9e-cf21-429b-93e9-6c7844cd2e13,pondering.productions,available,6.48,50.98,high,low,9,namecheap,,,11/08/2026 06:01
70836359-9fa9-428e-b0d5-22e131a9a5f7,acquisition.productions,available,10.99,40.49,high,low,11,namesilo,,,28/09/2026 05:29
0d8e1f66-cd10-411b-8371-a5530d90ad25,intensify.productions,available,6.48,50.98,high,low,9,namecheap,,,12/08/2026 19:29
7bbb4eec-fba1-4ac1-b695-bd961a735097,resultant.productions,available,6.48,50.98,high,low,9,namecheap,,,
31aed820-5eab-4fe3-987f-160c036dcb9f,pardon.productions,available,14.99,,high,low,6,name.com,,,
6df6f971-2d84-422f-9263-b0891f6c92fb,anapest.productions,available,10.99,40.49,medium,low,7,namesilo,,,19/09/2026 02:04
07efae3a-ec9f-4f93-a218-b1b08b3e90ef,notched.productions,available,6.48,50.98,medium,low,7,namecheap,,,17/08/2026 12:35
6179e8e3-b5fc-4160-9e2f-3804abbfe4c0,antiseptic.productions,available,10.99,40.49,high,low,10,namesilo,,,22/09/2026 06:54
ea3ccacd-832f-4c26-aee6-9d6a08246efa,represented.productions,available,14.99,,high,low,11,name.com,,,
34e52cfc-1fdf-4d15-aa2e-1b75d85bbc96,polished.productions,available,6.48,50.98,high,low,8,namecheap,,,24/08/2026 23:10
3822d63e-7ac7-4772-aa9b-f89b189f45e4,animalism.productions,available,10.99,40.49,medium,low,9,namesilo,,,19/09/2026 08:55
2c7a15f1-3b47-40b3-8bf9-262a3af8520e,foote.productions,available,10.99,40.49,medium,low,5,namesilo,,,28/09/2026 08:03
3ccf5451-7223-4adf-ad44-160f7ccb44ee,shelby.productions,available,10.99,40.49,high,low,6,namesilo,,,25/09/2026 15:30
fda330a7-21e4-455a-b624-f54a6cfbe82c,seventies.productions,available,10.99,40.49,medium,low,9,namesilo,,,16/09/2026 12:13
31ed198d-a54b-40b7-a193-82d20e06c58c,coastward.productions,available,6.48,50.98,medium,low,9,namecheap,,,14/09/2026 07:23
48be9b5e-2601-49d4-907e-0f97cf2e71ff,aluminate.productions,available,10.99,40.49,medium,low,9,namesilo,,,18/09/2026 15:13
4c3de272-4256-4bf9-9f1f-18d2d938a817,atheist.productions,available,6.48,50.98,medium,low,7,namecheap,,,22/09/2026 10:58
964dc473-fc7e-4daa-8ac3-4e8a35d7c286,akko.productions,available,10.99,40.49,medium,low,4,namesilo,,,16/09/2026 22:23
b3d35664-44bc-459c-ab41-078f51ccf3a4,camwood.productions,available,10.99,40.49,medium,low,7,namesilo,,,17/09/2026 15:22
3c49be25-1333-4cc3-b28d-18062aa4ca42,accurate.productions,available,6.48,50.98,high,low,8,namecheap,,,21/09/2026 15:59
0d55e46b-f5cc-4074-a742-45659bf64787,acted.productions,available,10.99,40.49,medium,low,5,namesilo,,,27/09/2026 02:34
9923d3c2-9686-4ab7-bda6-b25cfac7dcf5,buys.productions,available,10.99,40.49,medium,low,4,namesilo,,,28/09/2026 09:07
bdf56176-bb27-4fef-a28c-cf7c612bed64,labor.productions,available,31.2,31.2,high,low,5,cloudflare,,,28/09/2026 07:28
536ed866-9a90-4947-abf9-bf299e973878,granting.productions,available,14.99,,high,low,8,name.com,,,
05f6a9ed-998e-4127-a739-9846b87ef669,cornelius.productions,available,10.99,40.49,high,low,9,namesilo,,,25/09/2026 15:10
5bb3434d-e856-4058-978a-ac32b630cf15,finalized.productions,available,10.99,40.49,medium,low,9,namesilo,,,17/09/2026 13:05
7e7dbc62-6e05-4852-a301-09c40b9c2fb7,dopey.productions,available,6.48,50.98,medium,low,5,namecheap,,,14/08/2026 16:04
9cd26f51-db53-4239-81aa-73bea55524a8,etched.productions,available,6.48,50.98,high,low,6,namecheap,,,17/08/2026 07:41
9a428212-306c-4d1e-b56b-c3aa9ad13798,affair.productions,available,6.48,50.98,high,low,6,namecheap,,,17/09/2026 13:59
bad11d31-3676-4b86-b3e1-2055248684e0,unclogged.productions,available,6.48,50.98,medium,low,9,namecheap,,,12/09/2026 05:28
08b2b412-970a-4384-a5ea-fca345ba4649,bhakti.productions,available,10.99,40.49,medium,low,6,namesilo,,,23/09/2026 12:33
107f1e59-0ff6-4467-8da6-dcd16dd65cde,zane.productions,available,8.24,33.39,high,low,4,dynadot,,,29/09/2026 04:01
2ba8bd75-538c-4ff3-9c8b-ddc2fe399c82,bagging.productions,available,6.48,50.98,medium,low,7,namecheap,,,21/09/2026 18:06
1b0691af-1118-46e7-925a-82d28cb456c3,candles.productions,available,10.99,40.49,high,low,7,namesilo,,,18/09/2026 07:24
7bd2a972-d654-4c5c-af25-e663ed10053c,suggest.productions,available,14.99,,high,low,7,name.com,,,
0e7cf7c1-8a1e-43f2-9e9f-50ef116aa5c3,emoji.productions,available,14.99,,high,low,5,name.com,,,
559b045c-830f-4972-bd6c-552111b18ef9,cockpit.productions,available,14.99,,high,low,7,name.com,,,
25b9f515-9088-4f56-ad38-6ea160099999,anthurium.productions,available,10.99,40.49,medium,low,9,namesilo,,,19/09/2026 13:58
57b51503-ddaa-4ac0-882d-50111c60e0d3,norwood.productions,available,6.48,50.98,high,low,7,namecheap,,,25/09/2026 16:11
d78d3610-19df-4011-9957-4f825dfb579c,wiggly.productions,available,6.48,50.98,medium,low,6,namecheap,,,10/09/2026 08:40
6b2aafed-a0d9-4d37-b0b7-73f1b786368b,internship.productions,available,10.5,,high,low,10,unstoppable,,,28/09/2026 10:09
bd747d18-54c0-4f86-96cc-9f6b03616218,antagonism.productions,available,6.48,50.98,medium,low,10,namecheap,,,19/09/2026 12:27
c60bbcb0-c790-45ee-bd30-567ecc7dfc86,haggard.productions,available,6.48,50.98,medium,low,7,namecheap,,,10/08/2026 18:56
e908eaf2-6dfb-4c5e-a6c8-b65012a63f07,camomile.productions,available,10.99,40.49,medium,low,8,namesilo,,,19/09/2026 13:02
55d0d0ba-23a1-43f7-949a-d8dd84154a88,nettled.productions,available,6.48,50.98,medium,low,7,namecheap,,,
ae6a58ba-cf34-4cca-b4fb-251e3a278a94,staffordshire.productions,available,5.89,32.29,medium,low,13,spaceship,,,28/09/2026 11:53
072f9745-869c-4382-a982-c09c7443ae15,warriors.productions,available,10.99,40.49,medium,low,8,namesilo,,,28/09/2026 04:57
4e5bf769-e5c4-4e47-b48b-2a781d58cd54,beaded.productions,available,6.48,50.98,medium,low,6,namecheap,,,09/08/2026 03:18
d8ff65dd-82c6-4509-960b-a26952a2840b,yearn.productions,available,6.48,50.98,high,low,5,namecheap,,,24/08/2026 08:59
f946741f-58aa-4189-bd26-62a46e5e075d,finite.productions,available,6.48,50.98,high,low,6,namecheap,,,18/08/2026 05:02
aced3aae-ec60-43f8-b0d0-679040d364b7,angora.productions,available,6.48,50.98,high,low,6,namecheap,,,19/09/2026 07:06
45439cff-98df-45aa-bdf6-1ffc2d9cac6d,grandad.productions,available,14.99,,high,low,7,name.com,,,
33fd5516-af96-4a7d-ab70-6975f9a7b6d0,episcopal.productions,available,6.48,50.98,medium,low,9,namecheap,,,17/08/2026 11:09
dcf4db76-835e-4929-8cb6-1b678327f6b3,virus.productions,available,10.99,40.49,high,low,5,namesilo,,,24/09/2026 17:02
72d7fe4f-edd5-42ad-98dc-e074c9796a5b,qualities.productions,available,10.99,40.49,medium,low,9,namesilo,,,28/09/2026 08:30
2d196645-ef8d-411d-816e-5c9d6584b51d,understandable.productions,available,14.99,,high,low,14,name.com,,,
e62e8950-b4a3-4742-bba8-5eeb0b7cf1d9,rivers.productions,available,10.99,40.49,medium,low,6,namesilo,,,28/09/2026 08:05
6148089d-3b2b-445e-acc5-e5f11e7346d4,clare.productions,available,8.24,33.39,high,low,5,dynadot,,,29/09/2026 03:17
c1ff8591-d612-43b4-8714-458fd495caf1,maximal.productions,available,6.48,50.98,high,low,7,namecheap,,,24/08/2026 17:54
d27f3e90-a317-476b-9c84-2208ba689f77,assistance.productions,available,10.99,40.49,high,low,10,namesilo,,,17/09/2026 20:44
a126d674-edd0-4961-82ad-5d6638883565,longlasting.productions,available,14.99,,high,low,12,name.com,,,
9a249098-12b1-48ae-b07d-7db346f4c65a,andradite.productions,available,10.99,40.49,medium,low,9,namesilo,,,19/09/2026 04:09
7a641dbd-058e-4a2d-ad7b-5068ca277adb,treat.productions,available,10.99,40.49,high,low,5,namesilo,,,24/09/2026 04:23
0ad8927c-8be1-49e4-b006-aa5796e49b2f,giza.productions,available,14.99,,high,low,4,name.com,,,
d643179c-357a-4872-a7e7-72e8b24548be,aedes.productions,available,6.48,50.98,medium,low,5,namecheap,,,17/09/2026 12:09
185aa7b4-95ee-4a05-8ab2-20ff6b23f082,waco.productions,available,10.99,40.49,high,low,4,namesilo,,,28/09/2026 06:51
73f25c25-53c9-4d44-a48a-93db8b6d04fa,undimmed.productions,available,6.48,50.98,medium,low,8,namecheap,,,12/09/2026 08:06
3fb77daf-a49d-47c7-bd8d-8d06f74fce00,hendricks.productions,available,8.24,32.44,medium,low,9,porkbun,,,28/09/2026 08:45
1686f3e8-97ee-44c8-8553-a6e961a9b5b9,skittish.productions,available,6.48,50.98,medium,low,8,namecheap,,,10/09/2026 09:48
28811709-14e7-4766-ad2b-bb1a21007099,knows.productions,available,8.24,32.44,medium,low,5,porkbun,,,28/09/2026 10:33
8cc81861-a829-4d5e-9837-20c1b561a38c,tamable.productions,available,6.48,50.98,medium,low,7,namecheap,,,11/09/2026 07:36
9285f9af-70be-44be-8a94-dd6ae40fd309,disputed.productions,available,6.48,50.98,medium,low,8,namecheap,,,14/08/2026 12:12
c1ff3804-3c08-4246-9ccc-35fa9b510d42,alcoholism.productions,available,10.99,40.49,medium,low,10,namesilo,,,18/09/2026 04:06
1be1cbd3-0fe0-4b08-83c1-150d3de772f7,educate.productions,available,6.48,50.98,high,low,7,namecheap,,,27/09/2026 02:25
87465123-3258-4bc4-be58-cc73e0efe529,daringly.productions,available,6.48,50.98,medium,low,8,namecheap,,,14/09/2026 10:37
f925a034-be00-47f9-8b64-ccdd19bdeac3,aneurysm.productions,available,10.99,40.49,medium,low,8,namesilo,,,19/09/2026 05:41
a2fc99db-7943-4933-be09-af88d3279862,temporal.productions,available,6.48,50.98,high,low,8,namecheap,,,11/09/2026 11:00
6ee1b756-d2f6-4bbc-b7a1-41ea51732012,sul.productions,available,10.99,40.49,medium,low,3,namesilo,,,27/09/2026 10:19
36c00552-4a72-4776-a4f7-d7528ca711d7,murderous.productions,available,6.48,50.98,medium,low,9,namecheap,,,21/08/2026 11:28
9ccd75f3-c275-4cfe-a07d-7ac4bf0e35a8,aquarium.productions,available,6.48,50.98,high,low,8,namecheap,,,19/09/2026 23:02
22f38ef5-5e6a-4a4c-abd2-6e5f2899d05b,rigel.productions,available,10.99,40.49,medium,low,5,namesilo,,,23/09/2026 10:56
16d1827d-6bd4-4998-a234-26e0b1b158c1,antoine.productions,available,10.99,40.49,high,low,7,namesilo,,,25/09/2026 14:52
9c2f6b66-68ca-4684-8cf2-c7a89b4e41c0,quartic.productions,available,6.48,50.98,high,low,7,namecheap,,,10/08/2026 05:37
a32660ef-0cac-4eaa-b595-a8e91fb0058b,intelligence.productions,resell,,,high,medium,12,,,,28/09/2026 04:17
27f5c344-4e0f-4b3e-a55a-c2c5fdbb126c,maimed.productions,available,6.48,50.98,medium,low,6,namecheap,,,24/08/2026 13:20
cf505bd4-5161-4672-823c-e73d53b66e19,loamy.productions,available,6.48,50.98,medium,low,5,namecheap,,,24/08/2026 08:15
cf6a67db-2651-4b6a-8903-7b623b00fc50,dumbarton.productions,available,10.5,,medium,low,9,unstoppable,,,29/09/2026 04:37
644cdd04-8bd2-42aa-a7d0-483569c2ed76,indoors.productions,available,6.48,50.98,high,low,7,namecheap,,,22/08/2026 07:03
bdaf63f6-be5a-42d0-87a4-59d980362fae,starboard.productions,available,6.48,50.98,high,low,9,namecheap,,,10/09/2026 18:46
88bff1b4-fdbf-4717-9724-812493f218b1,goosy.productions,available,6.48,50.98,medium,low,5,namecheap,,,14/08/2026 16:07
6d51fbe4-5442-4752-85c5-08525363ef74,monacan.productions,available,6.48,50.98,medium,low,7,namecheap,,,25/08/2026 04:01
d68762f8-ce4a-4a29-8865-0731b9d41a7f,fused.productions,available,10.99,40.49,high,low,5,namesilo,,,22/09/2026 03:03
8122be85-124d-43bb-946e-3fd6cdb8a88a,ciliary.productions,available,6.48,50.98,medium,low,7,namecheap,,,12/08/2026 08:04
d4817445-68ae-4db7-899c-eac14b5380d7,indifferent.productions,available,14.99,,high,low,11,name.com,,,
5a989774-0b12-4907-9f51-2b9fcf5de95f,didnt.productions,available,14.99,,medium,low,5,name.com,,,
4e3d7ba6-4898-43af-b046-f8a57aee083f,chapped.productions,available,6.48,50.98,medium,low,7,namecheap,,,12/08/2026 02:20
3b7d788d-3c4c-451c-915a-7c36b7e7fe81,abridged.productions,available,6.48,50.98,high,low,8,namecheap,,,
a4807c7f-b15f-4649-8675-465ff9d8469f,swimmingly.productions,available,6.48,50.98,medium,low,10,namecheap,,,16/09/2026 02:58
ef0c1275-b60e-4b9a-98b3-effcf84bdd5e,nephew.productions,available,14.99,,high,low,6,name.com,,,
2b819a79-6755-46f7-a47f-3cc12a819063,philatelic.productions,available,6.48,50.98,medium,low,10,namecheap,,,08/09/2026 18:49
1ebcab06-b8c2-4e05-8e4f-47f6a548e450,barton.productions,available,31.2,31.2,high,low,6,cloudflare,,,28/09/2026 11:33
76ec6eb9-aed0-4100-8ff7-1cd2674a6554,bishkek.productions,available,10.99,40.49,medium,low,7,namesilo,,,23/09/2026 21:43
eaf350ec-fffc-424d-8aa7-022e044a59cb,unkempt.productions,available,6.48,50.98,medium,low,7,namecheap,,,12/09/2026 14:07
d7adcdc2-6c26-43d9-a6bd-ac3a87dcc51d,acedia.productions,available,10.99,40.49,medium,low,6,namesilo,,,16/09/2026 23:26
d7cf38bb-ad34-4bb7-b586-3e2627ad3155,bierce.productions,available,6.48,50.98,medium,low,6,namecheap,,,18/09/2026 17:23
b2bc0b84-1cf3-4ea2-a3e6-d0cf7544648f,ruritanian.productions,available,6.48,50.98,medium,low,10,namecheap,,,09/09/2026 19:43
7c7ece73-f9b0-4f04-a2d0-b68e4eeecede,decide.productions,available,14.99,,high,low,6,name.com,,,
3126c4fb-a4ed-4f17-94fc-e3527542c6ab,benthal.productions,available,6.48,50.98,medium,low,7,namecheap,,,09/08/2026 14:47
03dcffc9-35f6-4d95-b641-fd1be8c3a228,shaft.productions,available,8.24,33.39,high,low,5,dynadot,,,29/09/2026 01:04
74da4d0d-6a3c-434a-8552-d44d57e94577,device.productions,available,31.2,31.2,high,low,6,cloudflare,,,28/09/2026 04:21
50d97747-2deb-4fce-94ce-6540ff06d824,afloat.productions,available,14.99,,high,low,6,name.com,,,
bf105202-726e-4b52-8278-2ee0a16826de,karl.productions,available,10.99,40.49,high,low,4,namesilo,,,25/09/2026 13:41
3726482a-8218-4740-b0c8-f5bf387b16dd,criminal.productions,available,6.48,50.98,high,low,8,namecheap,,,23/09/2026 19:22
a7ad73cb-1fc9-420b-a937-cc3cda7d84ee,tabs.productions,available,10.99,40.49,medium,low,4,namesilo,,,20/09/2026 01:36
607e0dbb-2e43-497f-91f9-d606e42be785,cultivator.productions,available,6.48,50.98,high,low,10,namecheap,,,17/09/2026 19:20
937561b6-1363-4f1f-9c09-1e42db6e2fb0,bleach.productions,available,10.99,40.49,high,low,6,namesilo,,,24/09/2026 03:49
497919e8-49b0-40bc-a772-3060778fe81d,buren.productions,available,5.89,32.29,medium,low,5,spaceship,,,27/09/2026 20:26
968d5a9d-071d-4619-b846-83b0c0de817d,toned.productions,available,6.48,50.98,medium,low,5,namecheap,,,11/09/2026 17:02
eefba13a-8ad8-46a4-b10b-2593cc55ef35,watchfully.productions,available,10.99,40.49,medium,low,10,namesilo,,,16/09/2026 10:58
95125d21-f2b0-4a6d-812a-cc0885788efd,energiser.productions,available,10.99,40.49,medium,low,9,namesilo,,,19/09/2026 09:08
38d3ac94-2a79-4b90-992b-95894551c7a9,undoable.productions,available,6.48,50.98,medium,low,8,namecheap,,,11/09/2026 23:41
a80c7303-4492-4e30-b184-0e4122586c2f,craftily.productions,available,6.48,50.98,medium,low,8,namecheap,,,14/09/2026 09:00
4c86bccb-5e43-4e05-830c-e0718a469c19,perilous.productions,available,6.48,50.98,medium,low,8,namecheap,,,08/09/2026 01:42
a3c86660-21ff-4014-a3ff-630a78333771,shenzhen.productions,available,10.5,,medium,low,8,unstoppable,,,29/09/2026 04:19
d61f25a0-e021-4717-82ab-05f083e3b829,trujillo.productions,available,10.5,,medium,low,8,unstoppable,,,28/09/2026 16:38
8fe1ccce-bb07-434f-a157-d4209e39c2db,custody.productions,available,6.48,50.98,high,low,7,namecheap,,,24/09/2026 20:41
7aa4ae9b-2a3d-40d9-a4a5-a906b5d2f638,typed.productions,available,10.99,40.49,high,low,5,namesilo,,,17/09/2026 22:44
85791784-ec85-4950-8862-0808ca017fdb,miscreant.productions,available,6.48,50.98,medium,low,9,namecheap,,,09/09/2026 14:38
60020054-b224-4f3f-b555-b49f9d1a12b0,demolition.productions,available,14.99,52.99,high,low,10,name.com,,,24/09/2026 21:50
3b491e34-0419-4fb5-964c-e09c23036f5f,bunker.productions,premium,68.51,68.51,high,low,6,spaceship,,,28/09/2026 05:21
56da538e-484e-4da2-809c-1290dc582f3d,eonian.productions,available,6.48,50.98,medium,low,6,namecheap,,,
0dfdffe3-0373-40fa-8170-2fc30ff915f8,acetum.productions,available,10.99,40.49,medium,low,6,namesilo,,,17/09/2026 00:18
c746876a-0902-4bb5-a7ee-fae30cd767d2,abaca.productions,available,10.99,40.49,medium,low,5,namesilo,,,16/09/2026 13:44
4d751c66-aa57-4079-81e8-79fb27ba4a4d,patiently.productions,available,6.48,50.98,medium,low,9,namecheap,,,15/09/2026 19:20
cd27cae6-d6ee-4d65-b22f-accc94a8116b,visualise.productions,available,10.99,40.49,high,low,9,namesilo,,,24/09/2026 16:40
864e285f-de2f-4479-b3af-14466b0b7241,stopping.productions,available,14.99,,high,low,8,name.com,,,
d5d16254-4ee8-4675-9a89-1a70e58827e2,accused.productions,available,10.99,40.49,medium,low,7,namesilo,,,28/09/2026 17:31
38571cc3-63ca-485e-816b-74a1a279eeab,transfer.productions,premium,78.54,78.54,high,low,8,namesilo,,,19/09/2026 03:42
ffdc8f0d-8f39-497c-b4ec-b245027ea760,yeasty.productions,available,6.48,50.98,medium,low,6,namecheap,,,08/08/2026 19:56
dd6a35c5-4b28-4aed-b59b-225ee464d8e2,flee.productions,available,14.99,,high,low,4,name.com,,,
43f30ea3-d9d2-45ea-8e30-cafca530655a,bore.productions,available,10.99,40.49,high,low,4,namesilo,,,24/09/2026 12:50
ca9df716-a37b-439b-a2f2-15005a5c1f61,sere.productions,available,6.48,50.98,medium,low,4,namecheap,,,14/08/2026 19:03
47d5e863-8733-4e34-b477-aefb060c1d33,chimney.productions,available,14.99,,high,low,7,name.com,,,
d436868b-cd44-4eb4-878e-59d5f0648185,quebecois.productions,available,6.48,50.98,medium,low,9,namecheap,,,09/09/2026 07:48
54652525-30b3-4d5c-9af2-93c6913de4e3,highborn.productions,available,6.48,50.98,medium,low,8,namecheap,,,13/08/2026 01:48
0f719eff-13b7-4611-ba63-f13bf5d503ae,feasting.productions,available,10.99,40.49,high,low,8,namesilo,,,22/09/2026 03:07
d22309e3-c14d-47aa-8731-a0d4d97fb5c8,leads.productions,available,6.48,50.98,high,low,5,namecheap,,,25/09/2026 20:21
47574f3a-0799-4517-a908-c3a02682e11e,pubescent.productions,available,6.48,50.98,medium,low,9,namecheap,,,09/09/2026 05:15
34148bc0-5c98-44af-a7bf-6f19ad6dd4d8,diminishing.productions,available,14.99,,medium,low,11,name.com,,,
53615524-e691-48e8-b1d0-20023c5b2442,enceinte.productions,available,6.48,50.98,medium,low,8,namecheap,,,16/08/2026 22:09
dacc8d6d-5870-4110-a194-00321b8a7281,abls.productions,available,10.99,40.49,medium,low,4,namesilo,,,16/09/2026 16:13
98650e19-c606-4f19-bd00-3e568fe74376,arboreous.productions,available,6.48,50.98,medium,low,9,namecheap,,,06/08/2026 12:59
43597910-19c4-4f11-8afa-60a3bec6b22e,alta.productions,available,10.99,40.49,high,low,4,namesilo,,,25/09/2026 13:59
94791976-75c0-4a0e-ae71-6bb22cdcee26,inuit.productions,available,31.2,31.2,medium,low,5,cloudflare,,,28/09/2026 09:42
a60527c2-2339-4280-baae-942cbdf4b699,manager.productions,available,10.99,40.49,high,low,7,namesilo,,,24/09/2026 16:11
5fc0d467-945b-40f1-9a68-f6c3acb5dcf0,akhenaton.productions,available,10.99,40.49,medium,low,9,namesilo,,,17/09/2026 23:57
a5a7e5e9-efb9-4db5-b37e-e2ef42a89d6d,beecher.productions,available,14.99,52.99,medium,low,7,name.com,,,23/09/2026 00:12
6294e5b4-ba75-47df-9f70-6f80996bfba1,liberated.productions,available,6.48,50.98,high,low,9,namecheap,,,16/08/2026 06:20
80bb0435-3f8c-464b-bd1c-50c83cb42fc1,opaline.productions,available,6.48,50.98,medium,low,7,namecheap,,,04/09/2026 15:45
8689d04f-2601-42ea-bb4d-d98b7ca858ff,dessert.productions,available,5.89,32.29,high,low,7,spaceship,,,28/09/2026 02:48
157e2322-a0a1-4949-b115-702ff6ca9ee1,unequal.productions,available,6.48,50.98,medium,low,7,namecheap,,,22/08/2026 00:15
4fea734f-fb66-4e67-afda-d1e37fd5c5ae,amputee.productions,available,10.99,40.49,medium,low,7,namesilo,,,18/09/2026 23:54
2b213ec1-3580-4d2b-8107-2c734e636da3,backspace.productions,available,10.99,40.49,high,low,9,namesilo,,,21/09/2026 16:01
d201d2db-1e46-4c28-841a-79cdeba6d5a7,bier.productions,available,10.99,40.49,medium,low,4,namesilo,,,23/09/2026 13:47
82380c44-b7c7-42ad-867a-1d452fec8dae,lucania.productions,available,10.99,40.49,medium,low,7,namesilo,,,22/09/2026 10:51
3ae2452c-df5b-4cac-9a01-ca49ecbb64cf,inflowing.productions,available,6.48,50.98,medium,low,9,namecheap,,,22/08/2026 04:34
9cd8e8fb-6944-4e3a-9258-bd35928f82f8,fried.productions,available,6.48,50.98,medium,low,5,namecheap,,,13/08/2026 22:34
07e24904-7a09-4df0-9800-513fd4db5562,combative.productions,available,6.48,50.98,medium,low,9,namecheap,,,
84e70b9d-9074-4dfa-8127-8e6e99ca78cb,mazda.productions,available,8.24,32.44,high,low,5,porkbun,,,28/09/2026 16:04
c61015f2-a347-4270-8eb8-2b12b6650f22,reusable.productions,available,6.48,50.98,high,low,8,namecheap,,,09/09/2026 11:33
b05ca93d-8a87-465f-8191-fda0b328b0f5,pictorials.productions,available,10.99,40.49,medium,low,10,namesilo,,,20/09/2026 12:53
24722f8d-d7c9-4b6c-849c-f39d89e6df16,coccoid.productions,available,6.48,50.98,medium,low,7,namecheap,,,12/08/2026 14:41
9ce1fb15-4f37-4991-8493-d215dea420ec,furtive.productions,available,6.48,50.98,medium,low,7,namecheap,,,08/08/2026 06:32
e8677563-4b9e-4b72-939d-1c35feeac4ff,oncoming.productions,available,6.48,50.98,medium,low,8,namecheap,,,04/09/2026 14:27
ba8c88f6-45a9-451b-9aa2-04d96b8e4fdf,spongy.productions,available,6.48,50.98,medium,low,6,namecheap,,,10/09/2026 16:24
7eb682d9-77f1-4b4c-8a8e-008f01f1c400,herodotus.productions,available,31.2,31.2,medium,low,9,cloudflare,,,28/09/2026 10:02
c35bd18b-87f5-40b1-ab76-b697bb166524,nacreous.productions,available,6.48,50.98,medium,low,8,namecheap,,,03/09/2026 12:37
6e1f53fa-92c7-46c4-9574-39c01446647d,somersault.productions,available,6.48,50.98,high,low,10,namecheap,,,18/08/2026 08:25
5dc3b3e3-aade-4d4b-b54e-dc9615b8df11,hymn.productions,available,31.2,31.2,high,low,4,cloudflare,,,29/09/2026 01:20
2d3bc9d7-09ce-4e90-820e-21ee89147a9a,leafless.productions,available,6.48,50.98,medium,low,8,namecheap,,,22/08/2026 21:56
8cc2d3de-26ca-49f1-839e-cd365e9531c0,macgregor.productions,available,5.89,32.29,medium,low,9,spaceship,,,28/09/2026 19:47
cb8e4361-eab2-4f9a-9873-7183458c6801,examine.productions,available,14.99,,high,low,7,name.com,,,
f5b39bcf-a06a-4325-8ae2-44e5f7a89dae,transmitter.productions,available,10.99,40.49,high,low,11,namesilo,,,28/09/2026 15:46
cc31fc09-e7fe-487d-8827-88feadeb6573,grouping.productions,available,14.99,,high,low,8,name.com,,,
5c15093b-5270-44f1-9e6d-b0b3c4fb2366,gaol.productions,available,6.48,50.98,medium,low,4,namecheap,,,08/09/2026 22:46
56427cc6-b7ae-4263-82d1-5f7f479248bd,rent.productions,premium,128.7,128.7,high,low,4,namecheap,,,24/09/2026 13:47
069d214f-3a6a-45f5-96c9-a3ea93655ead,alinement.productions,available,6.48,50.98,high,low,9,namecheap,,,18/09/2026 07:48
d7cd739f-b690-4a8e-9a94-2e4ed0454fc4,tropically.productions,available,10.99,40.49,medium,low,10,namesilo,,,16/09/2026 09:33
ce8ee2b9-6456-4935-8fa7-1ec7286f63ab,siberian.productions,available,10.99,40.49,high,low,8,namesilo,,,27/09/2026 21:41
36c946b2-5af9-48b9-b124-4ba9001948cd,pretence.productions,available,10.99,40.49,medium,low,8,namesilo,,,25/09/2026 16:31
a0d9b4c2-8903-4ab9-91b0-8a2e4ddf7365,thracian.productions,available,6.48,50.98,medium,low,8,namecheap,,,11/09/2026 14:10
c9926a17-b484-4fc2-a5d2-25fc35b0d2be,adynamic.productions,available,6.48,50.98,medium,low,8,namecheap,,,
2641522b-b71d-4330-8ae1-9f3ce4c9306b,cummings.productions,available,6.48,50.98,medium,low,8,namecheap,,,25/09/2026 04:27
822033ec-f789-47f7-a935-bd90f5a4c613,blindly.productions,available,6.48,50.98,medium,low,7,namecheap,,,14/09/2026 00:21
9773643e-875e-4406-9c67-a764cd0ee8a9,ride.productions,available,31.2,31.2,high,low,4,cloudflare,,,29/09/2026 00:38
d3cac217-a681-4ec2-a87d-06e9cba44926,spd.productions,available,6.48,50.98,high,low,3,namecheap,,,28/09/2026 03:51
1701075e-add0-4dd9-96be-5821bc96e6f4,overheated.productions,available,6.48,50.98,medium,low,10,namecheap,,,04/09/2026 20:47
6ee2ea5b-ee51-462f-bfa5-3196308c3850,idiocy.productions,available,6.48,50.98,medium,low,6,namecheap,,,18/09/2026 18:58
be1ebb44-ba56-4f6e-8f92-3dcb611701a1,semiotical.productions,available,6.48,50.98,medium,low,10,namecheap,,,10/09/2026 03:15
31127353-d466-4f89-a7a4-556fa3af700f,charlie.productions,available,6.48,50.98,high,medium,7,namecheap,,,25/09/2026 18:14
cc1a517b-0969-4bfd-a0eb-0009b89f65a2,airedale.productions,available,6.48,50.98,medium,low,8,namecheap,,,17/09/2026 23:08
015b9969-6d24-41b7-b7a6-e1d87dad7c05,erect.productions,available,6.48,50.98,high,low,5,namecheap,,,17/08/2026 12:04
13197822-b911-47bc-91b5-a9004b4136af,stockton.productions,available,14.99,52.99,high,low,8,name.com,,,25/09/2026 06:10
7ca13d5d-1504-44c4-a72f-bbd7616ad41b,accomplish.productions,available,10.5,,high,low,10,unstoppable,,,28/09/2026 06:55
cb3a88fd-12c9-4ea9-8fbc-cc7bdc7ff454,cancerous.productions,available,6.48,50.98,medium,low,9,namecheap,,,11/08/2026 16:33
168b7596-eabd-4121-bd88-7d5b6e96f175,holler.productions,available,10.99,40.49,high,low,6,namesilo,,,23/09/2026 00:27
0e076637-0e3d-4d75-8ee8-999682703ca6,kinda.productions,available,31.2,31.2,high,low,5,cloudflare,,,28/09/2026 16:02
5c4bce7a-22a4-4f79-a62e-07b165622836,interest.productions,available,6.48,50.98,high,low,8,namecheap,,,08/09/2026 14:02
5ae81086-6ed5-4d2b-b408-9a3454463215,abbe.productions,available,10.99,40.49,medium,low,4,namesilo,,,16/09/2026 14:22
fd62df38-f2d0-431c-9181-c9f51ee7c901,archduke.productions,available,6.48,50.98,medium,low,8,namecheap,,,20/09/2026 01:54
64fe4e52-e98e-413e-a22a-d930aba2a99c,harmonize.productions,available,10.99,40.49,high,low,9,namesilo,,,16/09/2026 22:54
b43c55b6-bea6-434e-a1de-c4896850ca30,thoracic.productions,available,6.48,50.98,medium,low,8,namecheap,,,08/09/2026 12:02
8b156f33-d8ca-465e-beec-bf5d9133ff12,teeth.productions,available,14.99,,high,low,5,name.com,,,
46684a7c-9447-4ef3-aadd-0a37fce398e9,pleased.productions,available,10.99,40.49,high,low,7,namesilo,,,27/09/2026 04:08
047d3e0a-f509-44d8-b764-0aeebc98bde3,drums.productions,available,10.99,40.49,medium,low,5,namesilo,,,18/09/2026 11:40
524ca8c4-3c23-4e09-b7a3-fdc9669f2d88,volitional.productions,available,6.48,50.98,medium,low,10,namecheap,,,13/09/2026 06:50
5fea87e3-5778-4219-b7a6-d7b7460dc35f,entertaining.productions,available,10.99,40.49,high,low,12,namesilo,,,28/09/2026 07:00
defcf4cb-fe86-4b24-bc1f-28e5ba0b7546,rot.productions,premium,68.51,68.51,high,low,3,spaceship,,,28/09/2026 05:21
86896a21-6267-4330-b3d6-5be01d779e66,toothsome.productions,available,6.48,50.98,medium,low,9,namecheap,,,14/08/2026 00:24
458c18a2-9cd0-4d3d-816b-08a7125adcbd,suntan.productions,available,6.48,50.98,high,low,6,namecheap,,,11/09/2026 07:52
d022144a-a679-4f97-845d-9ce289a5f0fd,theban.productions,available,6.48,50.98,medium,low,6,namecheap,,,11/09/2026 12:35
f2b2e00d-9fe9-416d-b5a1-a97ce50f5c62,langdon.productions,available,5.89,32.29,medium,low,7,spaceship,,,28/09/2026 16:35
879eda5f-d297-47ef-a86d-70a244fb9bd2,prn.productions,available,6.48,50.98,medium,low,3,namecheap,,,13/09/2026 21:26
d6eb1d58-66df-44be-a2e4-e039ef815d2a,angie.productions,available,6.48,50.98,medium,low,5,namecheap,,,28/09/2026 16:18
d2b843bb-d624-4479-978c-253b4eebdd79,schoolbook.productions,available,10.99,40.49,medium,low,11,namesilo,,,19/09/2026 07:03
58f21fc6-cc96-4c4f-921a-6bf355290dcc,brisken.productions,available,6.48,50.98,medium,low,7,namecheap,,,11/08/2026 04:39
ed7b60de-4a1e-4cdf-a4d8-42f0c8ae5b7f,marta.productions,available,8.24,33.39,high,low,5,dynadot,,,27/09/2026 17:44
2a0fc2b4-3b32-4541-9954-879ae0893a25,biform.productions,available,6.48,50.98,medium,low,6,namecheap,,,09/08/2026 20:07
74132a81-0534-48dd-b3e8-4b39a648565a,laotian.productions,available,6.48,50.98,medium,low,7,namecheap,,,22/08/2026 19:36
98fc474c-77c8-48af-9d6c-e83d0cfc7007,solemn.productions,available,6.48,50.98,high,low,6,namecheap,,,14/08/2026 22:33
d77aeb37-4e7b-4440-ae2e-dd0c963bea42,plans.productions,available,14.99,,high,low,5,name.com,,,
fcf1d2d7-348e-4ba4-89da-7da6125a2c54,doped.productions,available,6.48,50.98,medium,low,5,namecheap,,,14/08/2026 15:59
d91084f4-d1d0-4736-8d50-a084d6e8ac20,bladed.productions,available,6.48,50.98,medium,low,6,namecheap,,,10/08/2026 12:14
ae75fa85-fe96-4486-b622-69ef664b3370,lighted.productions,available,6.48,50.98,high,low,7,namecheap,,,21/08/2026 20:09
45213204-df6d-428f-86d0-ce5c8a5fa6ff,doctor.productions,premium,242,242,high,low,6,namesilo,,,29/09/2026 05:29
aac946bb-0365-43a2-b658-c05a6793d80d,leash.productions,available,6.48,50.98,high,low,5,namecheap,,,
7408820b-ae0e-43b3-aa6c-ddff81f2d033,narrowed.productions,available,6.48,50.98,medium,low,8,namecheap,,,03/09/2026 13:27
d47b5d19-cdc1-416b-bc6a-b175400a488d,warwickshire.productions,available,5.89,32.29,medium,low,12,spaceship,,,29/09/2026 03:43
a4b89c12-aefe-4ed9-b47a-c4687f855c2c,aluminum.productions,available,10.99,40.49,high,low,8,namesilo,,,18/09/2026 00:21
e238da17-3587-4dbb-a519-027b3c8e0abb,beech.productions,available,6.48,50.98,high,low,5,namecheap,,,23/09/2026 00:02
26561a04-1df1-4df2-ad2f-15cfb8022d41,viscid.productions,available,6.48,50.98,medium,low,6,namecheap,,,20/08/2026 15:23
24918977-8dcf-49cd-9f07-6cf2a0f43224,demode.productions,available,6.48,50.98,medium,low,6,namecheap,,,14/08/2026 01:13
5b4a36ad-d10d-4239-973e-39c9b457ee66,fayette.productions,available,6.48,50.98,medium,low,7,namecheap,,,27/09/2026 20:20
4de3e2c1-ec74-402d-9a6c-7404e7b6619a,dingdong.productions,available,6.48,50.98,high,low,8,namecheap,,,14/09/2026 12:47
929ab09a-f323-4ec8-8681-524227b85946,upturned.productions,available,6.48,50.98,medium,low,8,namecheap,,,04/09/2026 21:58
e149864c-786a-47ec-bf77-d6650960dfaa,treachery.productions,available,10.99,40.49,medium,low,9,namesilo,,,23/09/2026 11:23
007282ee-f4dd-4bbb-b3ad-5ce8e471aa72,nail.productions,available,6.48,50.98,high,low,4,namecheap,,,21/09/2026 16:04
1a5cbd80-1efc-4f3c-9a53-adf15db95e61,waving.productions,available,10.99,40.49,high,low,6,namesilo,,,28/09/2026 15:32
a67ffb23-abb3-4a7f-b482-a2219a475dcd,bubbling.productions,available,6.48,50.98,high,low,8,namecheap,,,11/08/2026 07:15
457265a5-296d-4ef5-b830-6dc7021e5c1a,cloisonne.productions,available,6.48,50.98,medium,low,9,namecheap,,,12/08/2026 01:39
2dcdef43-d8da-40d5-b142-9e9110f17b3f,gumbo.productions,available,10.99,40.49,high,low,5,namesilo,,,16/09/2026 15:04
caa95087-2db8-4085-8e36-97dc2c9e6a5c,blackseed.productions,available,10.99,40.49,medium,low,9,namesilo,,,24/09/2026 03:00
95b053bd-c0e3-45ca-a224-192b5cf8caf6,traces.productions,available,10.5,,medium,low,6,unstoppable,,,28/09/2026 08:47
bd027675-a67c-4a5b-87eb-c95dff26ab6d,letup.productions,available,14.99,,medium,low,6,name.com,,,
f6627586-405e-49dd-b695-deb198a57409,tarsal.productions,available,6.48,50.98,medium,low,6,namecheap,,,11/09/2026 08:42
3ba44021-a43d-41a5-8060-e32220795e58,barbed.productions,available,6.48,50.98,medium,low,6,namecheap,,,08/08/2026 16:36
7f4cc939-8cc3-4982-95f9-63388703ed06,junctions.productions,available,10.99,40.49,medium,low,9,namesilo,,,27/09/2026 03:20
6e183738-a85a-4505-913b-4d0b9eeb0d3a,missile.productions,available,10.99,40.49,high,low,7,namesilo,,,27/09/2026 07:17
bc3fd07b-87d5-41e7-a6ef-b6a361316022,leadless.productions,available,6.48,50.98,medium,low,8,namecheap,,,22/08/2026 21:48
8777ed0b-1176-454b-9852-06b6fc27d806,basilisk.productions,available,10.99,40.49,high,low,8,namesilo,,,22/09/2026 10:54
a18fe4d1-a040-41d5-82e8-c2408fa482e9,lucille.productions,available,5.89,32.29,medium,low,7,spaceship,,,28/09/2026 21:59
171aff79-e22f-48d0-b13e-59b865661018,needing.productions,available,14.99,,high,low,7,name.com,,,
5000a858-4e89-4261-892f-887b3a1768fe,aleksandr.productions,available,10.99,40.49,medium,low,9,namesilo,,,28/09/2026 08:00
2c2c1d33-5b80-469a-8c0b-b66518804889,answers.productions,available,6.48,50.98,medium,low,7,namecheap,,,25/09/2026 18:18
1cfd09db-36b2-44e9-87ab-cab549115263,athletic.productions,available,10.99,40.49,high,low,8,namesilo,,,21/09/2026 16:12
95d94c71-6985-454f-88f7-aeb34c14496a,prescribed.productions,available,6.48,50.98,medium,low,10,namecheap,,,13/08/2026 22:17
0d91f13e-1328-4b83-8f8b-4c90b2deb8f9,slipping.productions,available,6.48,50.98,medium,low,8,namecheap,,,10/09/2026 11:05
184d8336-cda7-4a3d-9c81-a3bf455c78d8,todd.productions,available,6.48,50.98,high,low,4,namecheap,,,25/09/2026 09:07
8823ff27-8a33-4b5d-b8d8-22f0ce79c613,staff.productions,premium,99.5,118.8,high,low,5,unstoppable,,,28/09/2026 10:20
0361d6bc-b6f8-40d5-a389-b49a42c37b48,larval.productions,available,6.48,50.98,medium,low,6,namecheap,,,22/08/2026 20:01
c02e2fec-2759-465f-83c8-7d4f814d7bb4,lineal.productions,available,6.48,50.98,high,low,6,namecheap,,,23/08/2026 14:16
92a847f1-7b78-4993-a466-ce6ac2b6aa7b,technique.productions,available,8.24,33.39,high,low,9,dynadot,,,28/09/2026 08:09
ffed6e29-2f98-4a27-af40-b9fb09d40baa,frantic.productions,available,6.48,50.98,medium,low,7,namecheap,,,18/08/2026 14:15
a11d1f59-ccac-408f-89a7-d85658335469,fettered.productions,available,6.48,50.98,medium,low,8,namecheap,,,18/08/2026 02:54
a7c88cdd-0571-4d19-909c-9c7ba27267d6,ordinal.productions,available,6.48,50.98,high,low,7,namecheap,,,04/09/2026 17:44
756e5538-39db-4363-827c-2febf555c765,thankfully.productions,available,10.99,40.49,high,low,10,namesilo,,,16/09/2026 08:28
23f58f48-7acd-4398-a761-e50c025f2aff,tutu.productions,available,10.99,40.49,high,low,4,namesilo,,,21/09/2026 22:53
a137f92e-b0b6-49bf-9ee3-e2d2cc331769,outlandish.productions,available,6.48,50.98,medium,low,10,namecheap,,,10/08/2026 10:37
52d30748-d8db-4ab7-a09d-3c909e43d6b5,bingle.productions,available,10.99,40.49,medium,low,6,namesilo,,,19/09/2026 16:38
c8f9cb05-29b4-4c2b-b47c-43b798de421e,tangerine.productions,available,6.48,50.98,high,low,9,namecheap,,,11/09/2026 07:55
0947ce14-1820-4a3d-b697-7ad56382e5d1,bareboat.productions,available,6.48,50.98,medium,low,8,namecheap,,,22/09/2026 05:23
960f2e0d-e8cf-4859-acf2-63f936d31f8c,referees.productions,available,10.99,40.49,medium,low,8,namesilo,,,20/09/2026 11:54
8b587162-7fa1-442b-8714-947269542284,abettor.productions,available,10.99,40.49,medium,low,7,namesilo,,,16/09/2026 15:19
18861614-1e57-4982-b25c-40d04e7f24da,bey.productions,available,6.48,50.98,medium,low,3,namecheap,,,23/09/2026 12:10
d1cac0ac-14a8-4d5e-81ca-cf191f1602c0,baste.productions,available,6.48,50.98,medium,low,5,namecheap,,,22/09/2026 12:43
0db7fcfc-c1c7-4960-a414-ac77373ec49f,firearm.productions,available,10.5,,high,low,7,unstoppable,,,29/09/2026 00:55
e7f0efc8-3a88-4ef1-9b77-e66415b34768,oblate.productions,available,6.48,50.98,medium,low,6,namecheap,,,03/09/2026 23:35
b875f9c3-2886-44dc-9126-1181b24305d1,proportion.productions,available,14.99,,high,low,10,name.com,,,
f44f25a2-f193-415d-b99b-3f837b31b1da,drily.productions,available,6.48,50.98,medium,low,5,namecheap,,,14/09/2026 14:23
7898df1d-95ca-4c0d-9f2f-7d47cb0ae067,book.productions,premium,78.54,78.54,high,medium,4,namesilo,,,28/09/2026 07:19
e4e68ca3-9bc1-49d6-a4ad-65e402660bde,beirut.productions,available,6.48,50.98,high,low,6,namecheap,,,22/09/2026 18:14
356f2c44-3399-40e9-ab47-65b8d8e80a54,abdul.productions,available,10.99,40.49,high,low,5,namesilo,,,27/09/2026 07:21
944246a1-3ec4-4150-a349-fb58ca175a5e,athens.productions,premium,85.8,85.8,high,low,6,namecheap,,,20/09/2026 20:44
2dc235c9-2d3a-445b-937b-502f8d3a526e,briefcase.productions,available,10.99,40.49,high,low,9,namesilo,,,29/09/2026 04:11
966daabf-1f66-43b8-a4a0-a4fe08be89b9,swansea.productions,available,31.2,31.2,medium,low,7,cloudflare,,,28/09/2026 10:58
20695d79-89d3-4171-a493-5bfd4f89f6fa,linger.productions,available,6.48,50.98,medium,low,6,namecheap,,,11/09/2026 08:37
ab57865c-b205-452e-be2f-8cec0598eaa5,aconitum.productions,available,10.99,40.49,medium,low,8,namesilo,,,17/09/2026 02:06
b93c8af9-c236-4666-ac5b-24427a110cab,macy.productions,available,31.2,31.2,medium,low,4,cloudflare,,,28/09/2026 22:01
e1c21b7a-d51c-4c15-8e49-f43ad600e79b,anatoxin.productions,available,10.99,40.49,medium,low,8,namesilo,,,19/09/2026 03:34
eac2e3b0-6afd-4205-9454-14d3ae1ecd39,chevron.productions,available,10.99,40.49,high,low,7,namesilo,,,24/09/2026 14:21
d6a81767-d6b5-458b-97f4-c4477aa3d78c,peso.productions,available,10.99,40.49,high,low,4,namesilo,,,24/09/2026 14:37
1ccee859-df68-4018-a2f2-78542282dbb2,unrecorded.productions,available,6.48,50.98,medium,low,10,namecheap,,,24/08/2026 07:46
0a8d6c04-ccbe-4ab6-a73b-f8b961d851ff,noises.productions,available,5.89,32.29,medium,low,6,spaceship,,,28/09/2026 13:21
92811e3d-0a3b-4562-b05e-57fee0b4ee3c,veins.productions,available,31.2,31.2,medium,low,5,cloudflare,,,28/09/2026 08:48
af96b148-d88c-4222-a190-10aa79552540,simony.productions,available,10.99,40.49,medium,low,6,namesilo,,,22/09/2026 08:05
3b46aec1-b79a-42fc-be72-695a31db4c61,specialty.productions,available,6.48,50.98,high,low,9,namecheap,,,18/08/2026 12:30
ef691979-c21b-4388-a3a7-4b4a2d15e118,sunburnt.productions,available,6.48,50.98,medium,low,8,namecheap,,,11/09/2026 01:48
d92f59c9-7bb1-4188-872e-aaaf0d32cc78,cns.productions,premium,38.94,38.94,medium,low,3,namesilo,,,28/09/2026 09:21
2c34f2cd-6e8f-4c86-a9d5-e1e5eacdffbd,operators.productions,available,10.99,40.49,medium,low,9,namesilo,,,28/09/2026 09:08
d13ff5a8-4fea-44af-a4c9-a446602113c1,enthusiasm.productions,available,14.99,,high,low,10,name.com,,,
4c087ba6-6849-4e33-944c-7c0f9d59baf6,brains.productions,available,10.99,40.49,high,low,6,namesilo,,,25/09/2026 18:40
c881c3b9-b112-4613-aa0a-104f472efcc0,gracious.productions,available,10.99,40.49,high,low,8,namesilo,,,24/09/2026 00:42
21cccb99-1f3a-4b94-83a6-91ede93f22aa,bonfires.productions,available,10.99,40.49,medium,low,8,namesilo,,,20/09/2026 12:29
044efd53-185d-4e27-b371-3fa119087dc9,aspis.productions,available,10.99,40.49,medium,low,5,namesilo,,,20/09/2026 15:24
750d34a1-8892-4e69-b94a-b391b89649f9,alhaytham.productions,available,10.99,40.49,medium,low,10,namesilo,,,18/09/2026 00:48
a02379c3-72b9-480f-9ecb-3e56e3442695,dateless.productions,available,14.99,52.99,medium,low,8,name.com,,,13/08/2026 18:42
9d8e7b83-df61-4a1d-ac4f-b13ca05a4c26,voiceless.productions,available,6.48,50.98,medium,low,9,namecheap,,,05/08/2026 23:23
d3325dc1-270d-46ef-b567-59d7b54c5baf,bites.productions,available,10.99,40.49,medium,low,5,namesilo,,,28/09/2026 13:24
e3687c79-03af-414c-af51-08acb87ea4b1,berlin.productions,premium,207.2,207.2,high,medium,6,spaceship,,,29/09/2026 02:06
ac2a1cdb-1cb3-4418-81a7-cec9d5bbd75f,list.productions,premium,118.8,118.8,high,low,4,namesilo,,,25/09/2026 13:18
97b69845-dd9c-477f-89aa-f9ab9018ffd5,kepler.productions,available,5.89,32.29,medium,low,6,spaceship,,,29/09/2026 01:24
0334ea8b-e27f-4c52-8142-a1260d3681ff,erratum.productions,available,6.48,50.98,medium,low,7,namecheap,,,24/08/2026 07:21
9f487fd0-7cdf-46b5-b612-7bb9f6993341,usually.productions,available,31.2,31.2,medium,low,7,cloudflare,,,28/09/2026 14:12
81436fdf-d1e2-4c39-8217-e2d293dc5aba,craniate.productions,available,6.48,50.98,medium,low,8,namecheap,,,13/09/2026 04:37
bf14a53f-d4e8-43f1-8e19-9093bfc3cd3e,looked.productions,available,6.48,50.98,high,low,6,namecheap,,,18/09/2026 11:20
bf382478-bca7-4cc0-aaf1-90a7a551762f,ailment.productions,available,6.48,50.98,medium,low,7,namecheap,,,21/08/2026 18:47
d9ef4b2a-8821-4ba0-bbeb-e33892f5d86e,marjorie.productions,available,10.99,40.49,medium,low,8,namesilo,,,29/09/2026 04:00
2aab6f93-6c7a-4cc6-835e-26fff1e17db3,earnestly.productions,available,6.48,50.98,medium,low,9,namecheap,,,14/09/2026 14:58
8850a927-48eb-4c87-ac16-09bec301bb38,rivera.productions,available,10.99,40.49,high,low,6,namesilo,,,25/09/2026 04:54
82bb56d3-a4a8-4854-bb5b-550eb1695058,wood.productions,premium,512,512,high,medium,4,namesilo,,,25/09/2026 05:31
2f695f90-2cdb-4394-9e85-067380848f8d,tompkins.productions,available,10.99,40.49,medium,low,8,namesilo,,,28/09/2026 08:31
b17e7c4d-635d-4add-bbe1-50f1073eda94,flaring.productions,available,6.48,50.98,high,low,7,namecheap,,,
c83228ff-1b90-4edb-a9bb-48325466d0ae,quitting.productions,available,10.99,40.49,medium,low,8,namesilo,,,17/09/2026 01:45
082166a6-0591-485b-b3fa-0c2f3439ba62,exquisite.productions,available,6.48,50.98,high,low,9,namecheap,,,17/08/2026 18:54
ede5ed47-ed6c-45be-a308-44034482ccfc,blanche.productions,available,10.99,40.49,medium,low,7,namesilo,,,26/09/2026 03:36
d786d27c-0942-499b-a2cd-bc90b5cd6bbc,birretta.productions,available,10.99,40.49,medium,low,8,namesilo,,,23/09/2026 10:09
26a4fb32-c921-499f-bf08-6dd6d86b4266,collegiate.productions,available,6.48,50.98,high,low,10,namecheap,,,12/08/2026 17:08
580f2e28-7cec-49e9-bef5-b082e23d5b15,sliding.productions,available,10.99,40.49,high,low,7,namesilo,,,27/09/2026 22:47
66bb2cbb-26c2-4195-9fb2-f0f8d9546324,madonna.productions,available,10.99,40.49,high,low,7,namesilo,,,24/09/2026 06:06
5291c00b-cd89-4a6d-a24e-eff5a616f16b,christine.productions,available,8.24,32.44,high,low,9,porkbun,,,27/09/2026 19:02
2262bad4-3d0f-4732-a25c-135941d03356,ready.productions,premium,78.54,78.54,high,low,5,namesilo,,,27/09/2026 10:01
a42e2888-01c6-4d32-8045-eb1763016e1f,cappuccino.productions,available,14.99,,high,low,10,name.com,,,
ff096c3f-7603-4694-a213-d7a4081178f9,ambages.productions,available,6.48,50.98,medium,low,7,namecheap,,,18/09/2026 16:24
404c9a1b-c73e-48e4-88de-ae4432ac61d0,musset.productions,available,10.99,40.49,medium,low,6,namesilo,,,18/09/2026 06:29
5dd4317b-2fd4-4d39-8909-5df5623610ef,reunions.productions,available,10.99,40.49,medium,low,8,namesilo,,,21/09/2026 08:16
e97fddd0-88cc-43d7-92b4-738b7f6647f7,leeward.productions,available,6.48,50.98,medium,low,7,namecheap,,,22/08/2026 22:34
49c01572-da2b-4a39-8e8c-95a56ed01e54,retractile.productions,available,6.48,50.98,medium,low,10,namecheap,,,09/09/2026 15:42
75123912-3c48-4152-a9fe-0dc9e54d298d,tricolour.productions,available,6.48,50.98,high,low,9,namecheap,,,11/09/2026 19:27
cf5ed427-5708-47c3-a8ef-d91883052f32,tress.productions,available,10.99,40.49,medium,low,5,namesilo,,,24/09/2026 07:57
587dbd6c-d661-46ef-8e10-384dfed262fb,privily.productions,available,6.48,50.98,medium,low,7,namecheap,,,15/09/2026 21:31
dc9919d4-7cef-4746-95fc-a0939db642ce,cumbersome.productions,available,6.48,50.98,medium,low,10,namecheap,,,13/08/2026 10:25
8b00f08b-dff3-4998-821f-b8a72528182a,amalgam.productions,available,10.99,40.49,high,low,7,namesilo,,,18/09/2026 15:38
a8f25a0f-3d76-4509-9d37-58203b1a2004,brand.productions,resell,,,high,medium,5,"Sav.com, LLC - 49",03/02/2026 15:15,03/02/2027 15:15,28/09/2026 09:07
d57deac3-8e9d-49e9-9302-bf5305f3d1d2,conjecture.productions,available,6.48,50.98,high,low,10,namecheap,,,24/09/2026 17:17
b01e17af-16a7-45a1-941c-f48411ee37f3,unturned.productions,available,6.48,50.98,medium,low,8,namecheap,,,12/09/2026 21:54
91bfe127-4309-406c-aba0-77573b965f30,fiscal.productions,available,10.99,40.49,high,low,6,namesilo,,,19/09/2026 10:22
8fc8d48a-0ed4-49d7-aced-a15d00873e7f,partizan.productions,available,6.48,50.98,high,low,8,namecheap,,,08/09/2026 02:09
3561dc28-f918-4893-95b2-0835bb34ec26,aptly.productions,available,6.48,50.98,medium,low,5,namecheap,,,13/09/2026 16:19
580f358a-900b-4421-a9f0-29ad0e979668,flew.productions,available,14.99,,high,low,4,name.com,,,
0727ae06-9fc6-47fc-b7de-e48671812b93,polydactyl.productions,available,6.48,50.98,medium,low,10,namecheap,,,08/09/2026 23:13
e3ae8cd9-9f70-4064-8d94-230fb73af7c1,breakdown.productions,available,5.89,32.29,high,low,9,spaceship,,,28/09/2026 01:08
4b7c2d06-2cc7-4051-a4bd-4bb23dfadf5d,sudanese.productions,available,6.48,50.98,high,low,8,namecheap,,,11/09/2026 01:05
975c21c0-9293-4625-846d-4bdb23adc61a,sued.productions,available,14.99,,low,low,4,name.com,,,
104122fe-1bf5-4364-a49d-0a3256bd68cd,apparition.productions,available,6.48,50.98,high,low,10,namecheap,,,08/09/2026 18:34
6b59850c-5d4e-4d2e-bc09-aaf351d7849c,rib.productions,premium,38.94,38.94,high,low,3,namesilo,,,24/09/2026 02:30
9adf6639-168f-4373-99fd-f0f386721a5f,positivity.productions,available,10.99,40.49,high,low,10,namesilo,,,17/09/2026 10:30
8f046873-b77b-4ab9-9398-e5c47f58c0cf,provinces.productions,available,10.99,40.49,medium,low,9,namesilo,,,18/09/2026 15:35
7620fad3-4645-4e92-b9e0-8a79c902ebfe,ellsworth.productions,available,5.89,32.29,medium,low,9,spaceship,,,27/09/2026 13:20
8fc7188d-178a-4477-b30e-4edb89b97599,tasking.productions,available,14.99,,high,low,7,name.com,,,
0be1730c-79b7-4417-89c8-07891020f964,milne.productions,available,10.99,40.49,medium,low,5,namesilo,,,16/09/2026 12:53
7d92bc33-53fb-4601-89ad-cf25bac88242,potency.productions,available,6.48,50.98,high,medium,7,namecheap,,,09/09/2026 00:49
b020ca7a-8d4f-427e-8b47-7167f53f68ec,paltry.productions,available,6.48,50.98,medium,low,6,namecheap,,,24/08/2026 18:25
4f5b4c6a-d24c-4ff6-9dbb-254640ffa6a3,berkshires.productions,available,10.99,40.49,medium,low,10,namesilo,,,23/09/2026 09:35
17f2d5b7-bdab-4789-8b8a-b56c03815072,wulfila.productions,available,10.99,40.49,medium,low,7,namesilo,,,23/09/2026 21:57
9fb0370b-5a86-4d3b-a413-121c864dd34a,summary.productions,available,10.99,40.49,high,low,7,namesilo,,,23/09/2026 17:08
8fedfba5-22fc-4fd1-b7f2-484d4c094a1c,unobserved.productions,available,6.48,50.98,medium,low,10,namecheap,,,12/09/2026 16:04
d7d310c1-91a5-447c-aed9-7abe9798b15f,bailor.productions,available,6.48,50.98,medium,low,6,namecheap,,,21/09/2026 19:14
32850716-aa1e-43a8-8530-e79bec2823bc,stew.productions,available,6.48,50.98,medium,low,4,namecheap,,,28/09/2026 09:50
e805e219-2b5e-45b3-b909-5a8f57f42cd2,humanistic.productions,available,6.48,50.98,high,low,10,namecheap,,,21/08/2026 14:53
d128f459-39fc-4cc6-82b6-6802c18d9b1f,kilkenny.productions,available,8.24,32.44,medium,low,8,porkbun,,,29/09/2026 03:59
932a9cf6-3dce-49d3-a3bb-693dde0b8898,narrow.productions,available,6.48,50.98,high,low,6,namecheap,,,03/09/2026 13:22
a950ceff-9111-4d81-b849-fa67212d6bba,purchased.productions,available,31.2,31.2,low,low,9,cloudflare,,,28/09/2026 17:30
8ac33c1e-9db3-4e0c-b78e-51215f2babf8,attendant.productions,available,10.99,40.49,high,low,9,namesilo,,,21/09/2026 15:40
da870de8-fdaf-407d-9610-8d49ed6d93c3,guns.productions,available,10.99,40.49,high,low,4,namesilo,,,17/09/2026 07:29
e6a67360-fd85-4d79-b763-16cef0427dd2,anjou.productions,available,10.99,40.49,high,low,5,namesilo,,,19/09/2026 09:39
e9278c92-0a4f-4dbd-8709-c9aabc5c9251,antarctic.productions,available,6.48,50.98,high,low,9,namecheap,,,
459f9e60-2143-4cda-8d57-ac6c4cdcf416,amuck.productions,available,6.48,50.98,medium,low,5,namecheap,,,
a01a717d-22de-4d97-9fbc-7be6a0d4fe83,intimate.productions,available,10.99,40.49,high,low,8,namesilo,,,25/09/2026 10:27
0da5ee97-4d72-4b90-bb35-f072ddb24834,stylized.productions,available,6.48,50.98,high,low,8,namecheap,,,08/09/2026 05:30
cb5f7098-64b6-4a34-9e5b-486407533179,broad.productions,available,10.99,40.49,high,low,5,namesilo,,,19/09/2026 06:03
fbfb7f4f-c683-4a1c-8251-6e128319e21c,anti.productions,available,,,high,low,4,,,,
650710f8-5ee4-466e-87e6-e288e88c8d1d,unkindly.productions,available,6.48,50.98,medium,low,8,namecheap,,,12/09/2026 14:15
90bd8d43-28fa-43ed-ae39-2510ceaf5170,elder.productions,available,6.48,50.98,high,low,5,namecheap,,,16/08/2026 01:32
eb9f09ab-6eea-4726-a527-3927dc279b11,unlaced.productions,available,6.48,50.98,medium,low,7,namecheap,,,12/09/2026 14:37
1dcb689a-769d-4e38-952b-7c441643d43e,passively.productions,available,6.48,50.98,medium,low,9,namecheap,,,15/09/2026 19:09
94fdc93a-688b-48e2-9481-4c071587eafc,bathroom.productions,available,10.99,40.49,high,low,8,namesilo,,,27/09/2026 06:27
9b61a881-b69f-4c4b-8781-bef4aca073ce,laval.productions,available,5.89,32.29,medium,low,5,spaceship,,,28/09/2026 05:09
dcb5d4bf-310b-4cce-a649-08bdbf71d70a,suggests.productions,available,5.89,32.29,medium,low,8,spaceship,,,28/09/2026 08:53
63795585-3369-42d4-8b8a-fdb51d758f3f,wolfgang.productions,available,6.48,50.98,high,low,8,namecheap,,,25/09/2026 15:09
0b9a68a4-dcbe-4904-99e0-3e4bf6170e94,wintry.productions,available,6.48,50.98,medium,low,6,namecheap,,,18/08/2026 16:31
c92f324c-315a-4689-aa6d-2028fe197a09,auditory.productions,available,10.99,40.49,high,low,8,namesilo,,,22/09/2026 12:39
1557f83b-2f0c-4afd-b675-266b8ae19386,rubble.productions,available,6.48,50.98,medium,low,6,namecheap,,,28/09/2026 18:54
0a93c060-be90-4d04-ae31-1781718be8d3,pierson.productions,available,8.24,32.44,medium,low,7,porkbun,,,28/09/2026 23:01
3f674256-e2c6-4648-848c-44731430fd22,bass.productions,premium,85.8,85.8,high,low,4,namecheap,,,22/09/2026 18:00
3982cd0b-e205-4568-9c8f-a0a2fb40bfbc,amative.productions,available,6.48,50.98,medium,low,7,namecheap,,,
d778cab9-bb17-4392-8281-5feb33589830,imprisoned.productions,available,6.48,50.98,medium,low,10,namecheap,,,11/08/2026 18:22
a29982c5-1504-43af-8923-43ca2838424d,applications.productions,available,5.89,32.29,medium,low,12,spaceship,,,28/09/2026 23:10
f4cbca67-ab5a-49c7-93de-73361095ace5,greasy.productions,available,6.48,50.98,high,low,6,namecheap,,,20/08/2026 19:35
09631367-5abc-4eb9-975b-d1a06598b49c,pays.productions,available,10.99,40.49,medium,low,4,namesilo,,,25/09/2026 17:21
c25f733a-1790-45dc-9eaa-7fb8a1e06714,added.productions,available,31.2,31.2,medium,low,5,cloudflare,,,27/09/2026 21:50
3a4be36c-726c-49b0-afe7-f6ac01202e20,abbot.productions,available,10.99,40.49,medium,low,5,namesilo,,,16/09/2026 14:31
8aea385a-5e2a-46f5-84a6-9ecdccbd8977,would.productions,available,14.99,,high,low,5,name.com,,,
5466e496-b821-4c2c-9564-71f9fa586d43,mannerly.productions,available,6.48,50.98,medium,low,8,namecheap,,,24/08/2026 15:20
18f7c124-43e6-4e38-a174-ba1ea86d2076,bathyal.productions,available,6.48,50.98,low,low,7,namecheap,,,09/08/2026 01:34
a045c1a6-c2a7-4bd3-8f55-314ffb42185c,parentage.productions,available,6.48,50.98,medium,low,9,namecheap,,,08/09/2026 13:25
12f8e3d3-34e2-4aea-8e5a-e48aa0bce7b1,handing.productions,available,10.99,40.49,medium,low,7,namesilo,,,28/09/2026 11:31
a72d9f9c-51a3-42b5-a010-61a4e2d7eb7f,doric.productions,available,6.48,50.98,medium,low,5,namecheap,,,14/08/2026 16:13
b0ef96db-fa50-4c7e-a911-0f869097566c,crayon.productions,available,,,high,low,6,,,,24/09/2026 19:11
90070916-af93-4816-9b78-6e50304a0835,living.productions,premium,242,242,high,low,6,namesilo,,,25/09/2026 14:05
29239afd-6489-44dc-9621-384d7742647a,wildly.productions,available,10.99,40.49,medium,low,6,namesilo,,,16/09/2026 11:29
ac3ec34e-7822-42fa-bce6-5f971443e13e,spread.productions,available,8.24,33.39,high,low,6,dynadot,,,28/09/2026 08:38
1b04974c-8c5c-4621-9093-5ef0e385cf18,contemporary.productions,premium,118.8,118.8,high,low,12,namesilo,,,28/09/2026 15:37
b419e3dc-5b59-4d1d-a1bc-03691703c370,gaza.productions,available,10.99,40.49,medium,low,4,namesilo,,,25/09/2026 06:23
6547a624-e995-478e-a2a1-d2750ad3593e,kempt.productions,available,6.48,50.98,medium,low,5,namecheap,,,22/08/2026 15:32
5ca46e76-fa5d-4cda-8aab-9c83fd9a94a6,accusing.productions,available,6.48,50.98,medium,low,8,namecheap,,,
95f4065d-f01d-4f4d-a484-9216a2efa577,concave.productions,available,6.48,50.98,high,low,7,namecheap,,,12/08/2026 19:50
cb101a01-079a-452a-b656-7004e452e516,population.productions,available,10.99,40.49,high,low,10,namesilo,,,27/09/2026 05:04
353011d1-bfac-4fa7-a86f-0a71fef8caee,analecta.productions,available,10.99,40.49,medium,low,8,namesilo,,,19/09/2026 01:47
51dd8904-00c7-4d7c-818e-1412655dd625,could.productions,available,14.99,,high,low,5,name.com,,,
419c4a6a-fbbe-46de-bf7b-c646db502b62,songwriter.productions,premium,42.9,42.9,high,low,10,namecheap,,,21/09/2026 22:37
a65f05e4-eaaa-4c02-8df8-dfa7cc96afea,sudbury.productions,available,31.2,31.2,medium,low,7,cloudflare,,,28/09/2026 06:48
5ab60735-ce36-488d-ba02-b56f41f501a2,osman.productions,available,10.5,,medium,low,5,unstoppable,,,28/09/2026 22:06
4cad6de7-c99e-48c4-8d8c-b48161d5306b,eccentric.productions,available,6.48,50.98,high,low,9,namecheap,,,10/08/2026 09:50
4a99fa94-2c26-4f38-bdee-b598d21913b8,mercuric.productions,available,6.48,50.98,medium,low,8,namecheap,,,24/08/2026 20:40
cdb7a0af-42b0-480b-8d45-1d8cbe7e59e3,glinting.productions,available,6.48,50.98,medium,low,8,namecheap,,,
85937651-b67a-49ed-a76a-cea7a3d18f3c,scandium.productions,available,10.99,40.49,medium,low,8,namesilo,,,20/09/2026 22:34
2bd70a3b-6db0-433a-8119-c3ac7530646d,italian.productions,premium,78.54,78.54,high,low,7,namesilo,,,22/08/2026 11:36
04c8495b-593e-49d8-b3e9-4e339d3bf075,lymphatic.productions,available,6.48,50.98,medium,low,9,namecheap,,,24/08/2026 12:33
8cdade19-2dd8-40d5-95c7-56e5fe9b197a,parasitic.productions,available,6.48,50.98,medium,low,9,namecheap,,,17/08/2026 10:15
04dc7aef-7f29-4b75-8638-ecdf39cc6020,biochip.productions,available,6.48,50.98,high,low,7,namecheap,,,23/09/2026 17:46
eb445f86-0f5a-403a-9a86-1ff272808302,steadily.productions,available,6.48,50.98,medium,low,8,namecheap,,,10/09/2026 19:32
c079c1c6-343f-4bfd-b5c6-19e9046593b8,lyme.productions,available,8.24,33.39,medium,low,4,dynadot,,,28/09/2026 21:33
dc1bd92a-6d73-4595-98be-810cfb3d28d3,vintage.productions,premium,68.51,68.51,high,low,7,spaceship,,,28/09/2026 20:39
445ec7ae-104c-4fa0-8774-8c12643d8d67,whiz.productions,premium,85.8,85.8,high,low,4,namecheap,,,21/09/2026 18:01
3254482e-7c53-47af-b8f7-f1851bd4ffe9,catechetic.productions,available,6.48,50.98,medium,low,10,namecheap,,,11/08/2026 21:25
6e125298-3ce2-4038-b869-a20050621592,cases.productions,available,10.99,40.49,medium,low,5,namesilo,,,17/09/2026 16:31
d250681a-397f-42a8-b9bd-5cf4d083f11a,rae.productions,available,6.48,50.98,medium,low,3,namecheap,,,27/09/2026 01:43
fd68a5a4-74cf-43db-af00-aa46c6cb1a12,hadley.productions,available,6.48,50.98,medium,low,6,namecheap,,,27/09/2026 20:44
a0be8aa6-0fb5-4711-a221-e31bb8da93a7,competent.productions,available,10.99,40.49,high,low,9,namesilo,,,23/09/2026 17:16
a7ec471c-0a6f-4308-bf17-40a51ea445eb,chanukkah.productions,available,14.99,,medium,low,9,name.com,,,
9387daa9-2403-42c9-a349-62baefaebcb1,delighted.productions,available,6.48,50.98,high,low,9,namecheap,,,09/08/2026 10:01
1956caa5-fc21-4160-af2a-b93b6b3f135a,conception.productions,available,10.99,40.49,high,low,10,namesilo,,,24/09/2026 17:07
1e75b509-f6d3-4fe2-ae8a-fe2533579ca6,phenomenal.productions,available,6.48,50.98,high,low,10,namecheap,,,08/09/2026 18:46
f1b540ad-eaf3-4fa1-8679-e60bc772fc31,banquet.productions,available,6.48,50.98,high,low,7,namecheap,,,22/09/2026 02:59
717d1164-6c1c-483e-adac-3cdd2f26e855,aquitaine.productions,premium,118.8,118.8,medium,low,9,namesilo,,,19/09/2026 23:17
155f4b3a-a37b-4402-8811-2d57f6c4c839,verifying.productions,available,6.48,50.98,high,low,9,namecheap,,,12/08/2026 20:56
92854d05-2ba7-47e0-bcd2-fbcf6b62af83,dowry.productions,available,10.99,40.49,medium,low,5,namesilo,,,24/09/2026 23:36
da62e9cb-a838-4a7c-a45a-98f450688c83,androgenic.productions,available,6.48,50.98,medium,low,10,namecheap,,,
4bb92a3a-8166-4e04-9ec0-173d94eb9249,humongous.productions,available,6.48,50.98,medium,low,9,namecheap,,,08/08/2026 12:58
6f7736e3-2180-4d41-856d-6c4019dae6ef,celebration.productions,available,10.99,40.49,high,low,11,namesilo,,,27/09/2026 02:20
1c87b0a3-8e4c-4c1e-8a17-691c04cc80c0,suspended.productions,available,6.48,50.98,medium,low,9,namecheap,,,11/09/2026 04:55
d6c066e9-b280-4e60-8c27-863a10781b67,dizzy.productions,available,6.48,50.98,high,low,5,namecheap,,,
ad793276-8ba1-4076-8526-a491875aef0c,aeronaut.productions,available,10.99,40.49,high,low,8,namesilo,,,17/09/2026 13:09
d28185fd-f898-4595-8281-9fe4408e39ed,exchanges.productions,available,10.99,40.49,medium,low,9,namesilo,,,25/09/2026 06:05
fb4dc19c-e0f3-4b8a-b3ec-0115079c418d,pallas.productions,available,6.48,50.98,medium,low,6,namecheap,,,20/09/2026 20:39
37d17034-6f6a-41db-8860-509926457b0a,enchanted.productions,available,6.48,50.98,high,low,9,namecheap,,,16/08/2026 22:14
f4afa02b-cc95-4e43-afa5-2d4e8b35be96,paternal.productions,available,6.48,50.98,high,low,8,namecheap,,,
328fd209-7bdd-44eb-b74f-c0f0aa3e0e08,norwegian.productions,available,10.99,40.49,high,low,9,namesilo,,,25/09/2026 23:14
0a1a3c64-3948-4bbc-a2bb-430a4d7e12dd,blew.productions,available,10.99,40.49,medium,low,4,namesilo,,,25/09/2026 11:11
5830af7b-0e42-4773-bb40-8e60d52f0a6f,untroubled.productions,available,6.48,50.98,high,low,10,namecheap,,,10/09/2026 01:30
c8cde169-fb2e-469e-9b0c-400aa1f3058f,arthurian.productions,available,6.48,50.98,medium,low,9,namecheap,,,06/08/2026 23:21
162574ae-bb8f-4194-8fe2-310d5b887a1b,sheeny.productions,available,6.48,50.98,high,low,6,namecheap,,,20/08/2026 14:32
69e48609-4e2f-435b-8cd3-18a97c968300,andean.productions,available,6.48,50.98,high,low,6,namecheap,,,
29122db8-a17b-4484-a32f-32cdf439ce3d,muntjac.productions,available,10.99,40.49,medium,low,7,namesilo,,,22/09/2026 06:28
7bdaee99-995d-4b08-be16-309083ec2641,frustration.productions,available,8.24,33.39,medium,low,11,dynadot,,,28/09/2026 17:13
f82ea5b9-5302-410d-abd8-911dd403fc2d,myra.productions,available,10.99,40.49,medium,low,4,namesilo,,,28/09/2026 22:02
1a274094-afdb-4f4f-a34b-9f46d5cb1e80,punched.productions,available,10.99,40.49,medium,low,7,namesilo,,,19/09/2026 01:53
f46a076c-67aa-4e50-864b-297648d75eb9,copasetic.productions,available,6.48,50.98,medium,low,9,namecheap,,,13/08/2026 00:20
ba599687-7ed4-42aa-ac66-65b6d2c84ff1,infancy.productions,available,10.99,40.49,high,low,7,namesilo,,,21/09/2026 13:47
5996257a-e8fa-4a2e-9b53-187892052747,prep.productions,available,10.99,40.49,high,low,4,namesilo,,,28/09/2026 02:07
307cb68d-585b-4ded-b5f2-e87727dea296,pushchair.productions,available,10.99,40.49,high,low,9,namesilo,,,21/09/2026 13:21
61348ad5-c927-4e37-bee5-85451f505018,nyse.productions,available,10.5,,medium,low,4,unstoppable,,,29/09/2026 02:35
453751e7-4960-4c9b-aa4e-2d93c660b41f,alumina.productions,available,10.99,40.49,medium,low,7,namesilo,,,18/09/2026 15:12
7bf9e51c-cba1-4324-ae39-1bac3a194473,interstate.productions,available,10.99,40.49,high,low,10,namesilo,,,25/09/2026 10:24
1b8d30b4-6bd8-44c3-81c8-97b5ec152d4e,tined.productions,available,6.48,50.98,medium,low,5,namecheap,,,09/09/2026 03:20
ed461414-df36-45f7-9c69-eca33af84586,bingo.productions,premium,128.7,128.7,high,low,5,namecheap,,,22/09/2026 20:37
69b13dcc-9d8e-494b-b9f9-761910d4e2dd,tubby.productions,available,6.48,50.98,medium,low,5,namecheap,,,08/09/2026 22:29
bf10818b-33c4-49e9-a2f2-af181670fbb5,sheikh.productions,available,6.48,50.98,high,low,6,namecheap,,,19/09/2026 23:25
0cbc9114-336d-4005-91c5-6517368ff9e5,tactful.productions,available,6.48,50.98,high,low,7,namecheap,,,22/08/2026 15:49
e4d7ccd9-ae57-4fe8-9922-a357414a16f0,foppish.productions,available,14.99,52.99,medium,low,7,name.com,,,13/08/2026 17:05
2a3ea393-700b-4327-b85d-436a2e73d015,cheater.productions,available,10.99,40.49,medium,low,7,namesilo,,,23/09/2026 02:30
12712235-439f-41ac-8d22-d762a0a84306,host.productions,premium,242,242,high,medium,4,namesilo,,,22/08/2026 23:02
6f42cefd-05e3-455a-afa5-ece83c7a494f,artifice.productions,available,6.48,50.98,high,low,8,namecheap,,,20/09/2026 11:34
2565f548-4335-4e05-a906-109ec23c20f2,angevine.productions,available,10.99,40.49,medium,low,8,namesilo,,,19/09/2026 06:07
f10f2c0d-7a6e-460e-b462-c905eec05c94,bigos.productions,available,10.99,40.49,medium,low,5,namesilo,,,23/09/2026 15:19
8064aaf6-a6b0-46c4-9f9f-c37262a4321d,cranial.productions,available,6.48,50.98,medium,low,7,namecheap,,,13/08/2026 04:49
afc1c559-6241-4c92-b7f0-804e6e6b692a,eased.productions,available,6.48,50.98,high,low,5,namecheap,,,
86e69c62-a64c-45de-892f-2b4442e13830,tiring.productions,available,6.48,50.98,medium,low,6,namecheap,,,11/09/2026 16:24
831650bd-d551-415b-a4ad-6ee525aecab7,gently.productions,available,10.99,40.49,high,low,6,namesilo,,,28/09/2026 14:58
c68f8bc0-037a-4f3f-932c-a1692f45ec17,unreadable.productions,available,6.48,50.98,medium,low,10,namecheap,,,22/08/2026 02:25
db19daf8-abd7-4eff-8211-190be78665d4,arrived.productions,available,10.99,40.49,medium,low,7,namesilo,,,17/09/2026 14:03
08ac9304-d586-4362-a579-17bd57c52216,bandolier.productions,available,10.99,40.49,medium,low,9,namesilo,,,22/09/2026 01:27
eba8cf3b-b3d8-41d6-bf2c-f83263b9e0d9,traveler.productions,available,14.99,,high,low,8,name.com,,,
61933cd4-3226-4de8-873e-50ec960a1326,turnout.productions,available,14.99,,high,low,8,name.com,,,
1dadc8a8-55b1-4abb-aa91-4232b63b66d7,interwoven.productions,available,6.48,50.98,high,low,10,namecheap,,,22/08/2026 08:08
5b9625f4-6814-4657-b5f8-2e506872ce2d,validation.productions,available,10.99,40.49,high,low,10,namesilo,,,28/09/2026 02:30
3d8d4d07-256c-4073-8571-bf815f9366c4,investigate.productions,available,10.99,40.49,high,low,11,namesilo,,,26/09/2026 00:41
56ce0458-3133-4c05-a5f4-332fb15179ea,achievement.productions,available,10.99,40.49,high,low,11,namesilo,,,28/09/2026 08:12
d4040366-1874-4a5a-a432-2d2cce87be2e,deceitful.productions,available,6.48,50.98,medium,low,9,namecheap,,,13/08/2026 21:06
381f5d46-5ff3-4ef6-b12f-6cb9b01dbe3b,impudent.productions,available,6.48,50.98,medium,low,8,namecheap,,,18/08/2026 08:23
960cde66-fded-42d3-9ef1-e0a9688ecc03,hither.productions,available,6.48,50.98,medium,low,6,namecheap,,,15/09/2026 00:48
af7ebbc4-6fa1-4e07-9693-663ec98f4f05,sucker.productions,available,10.99,40.49,high,low,6,namesilo,,,18/09/2026 08:56
1be3c905-d942-4ccc-821a-b0ec97012906,bunk.productions,available,6.48,50.98,medium,low,4,namecheap,,,03/09/2026 20:32
d7181aa9-ab2b-4391-b86b-81e4ae5ef2d9,sisal.productions,available,10.99,40.49,medium,low,5,namesilo,,,17/09/2026 16:39
90371b04-ce8f-4340-8767-26d04d1c1d64,rite.productions,available,6.48,50.98,high,low,4,namecheap,,,09/09/2026 18:03
9899f545-0068-4686-8f51-4afecb2dd1c6,abutment.productions,available,6.48,50.98,medium,low,8,namecheap,,,16/09/2026 19:33
502f1dd6-ed7e-4796-8e65-5c4505bb8c19,transcript.productions,available,10.99,40.49,high,low,10,namesilo,,,25/09/2026 22:18
6924f56e-7a93-4e7f-86c1-84cd7fd0b447,thank.productions,available,14.99,,high,low,5,name.com,,,
32283b94-6e29-477d-a33d-bc086f2e3ce7,fenestral.productions,available,6.48,50.98,medium,low,9,namecheap,,,18/08/2026 01:09
d4dba1b0-1892-45aa-adf6-078e087d7b3c,became.productions,available,14.99,,medium,low,6,name.com,,,
74cab32c-f7b5-42e0-8057-260d74050063,leading.productions,available,8.24,32.44,high,low,7,porkbun,,,28/09/2026 23:25
335b8b79-51f8-4a50-87b2-ba5e7f91f0a2,uprightly.productions,available,6.48,50.98,medium,low,9,namecheap,,,15/09/2026 01:06
9c19c70d-d070-4ab4-b6c4-7d4d1acbb306,extensible.productions,available,6.48,50.98,medium,low,10,namecheap,,,17/08/2026 19:03
4d9ee50e-d2f0-4aec-847c-1fa4d251556b,cuthbert.productions,available,31.2,31.2,medium,low,8,cloudflare,,,29/09/2026 03:58
893862ae-2c32-4493-ba13-c20abd77068c,boyish.productions,available,6.48,50.98,high,low,6,namecheap,,,11/08/2026 00:04
e989ac9a-775e-442b-9876-53ce9bddc78c,azores.productions,available,10.99,40.49,medium,low,6,namesilo,,,17/09/2026 02:13
aff93d47-45ef-487e-82c1-fe5e701ddfed,fleshy.productions,available,6.48,50.98,medium,low,6,namecheap,,,18/08/2026 08:02
1edcf353-ea0d-42f9-bad9-542cb5b662c2,icebound.productions,available,6.48,50.98,medium,low,8,namecheap,,,21/08/2026 17:43
138eb39b-55cb-490e-a331-97cace98ba9f,fragments.productions,available,31.2,31.2,low,low,9,cloudflare,,,29/09/2026 05:00
e7523a68-1348-4539-946d-9a782f0f4924,bolivian.productions,available,6.48,50.98,high,low,8,namecheap,,,10/08/2026 17:46
95e75434-2ea1-4239-ab1d-0aaed7556da8,agon.productions,available,6.48,50.98,high,low,4,namecheap,,,17/09/2026 18:51
82634731-bbab-4bbf-a5a0-4c7709f43d13,unbridled.productions,available,6.48,50.98,high,low,9,namecheap,,,12/09/2026 04:31
ce30a6df-0ce2-4afb-9b23-6406924a6eae,phony.productions,available,6.48,50.98,medium,low,5,namecheap,,,08/08/2026 23:09
76415308-1240-4d80-aec2-512367f8e67f,banked.productions,available,14.99,,medium,low,6,name.com,,,
66a44b82-26ba-42b3-93f8-e2d59d53a676,thumb.productions,available,6.48,50.98,high,low,5,namecheap,,,25/09/2026 22:48
87505188-13e1-475c-95fe-764fc4493a86,cypher.productions,available,6.48,50.98,high,medium,6,namecheap,,,
6375201b-018c-4aaa-9faa-b2729161f235,harness.productions,available,10.99,40.49,high,low,7,namesilo,,,29/09/2026 01:16
50e54837-97de-4dda-bd5c-0bf9b49324b6,leiden.productions,available,10.99,40.49,high,low,6,namesilo,,,25/09/2026 23:25
c1619906-ae03-4a1f-91d5-68b71e8689f7,awny.productions,available,6.48,50.98,medium,low,4,namecheap,,,08/08/2026 01:25
10515c71-a9e5-4fca-befd-a398d4190560,eater.productions,available,10.99,40.49,high,low,5,namesilo,,,19/09/2026 09:42
5095b437-d289-4795-b52c-33567e83934c,plainly.productions,available,6.48,50.98,high,low,7,namecheap,,,08/09/2026 20:28
132d4ff1-ef4f-46b5-80c4-3e4b8cdf547b,asymmetry.productions,available,6.48,50.98,medium,low,9,namecheap,,,20/09/2026 18:39
216f23c1-b2ee-4973-a5e7-23acdf6155ba,rake.productions,available,10.99,40.49,high,low,4,namesilo,,,27/09/2026 07:07
71bf5b53-14c4-4a09-ad26-c7f50f1a5cea,swore.productions,available,5.89,32.29,medium,low,5,spaceship,,,28/09/2026 04:28
c4138655-47d0-417c-8e90-9b941c766598,planned.productions,available,10.99,40.49,high,low,7,namesilo,,,21/09/2026 22:06
9bdcbe9b-78d2-48ef-a0aa-79e993d9f718,wilhelm.productions,available,6.48,50.98,high,low,7,namecheap,,,25/09/2026 18:53
48034afa-b708-48c5-8d24-a37355b454d6,agendum.productions,available,10.99,40.49,medium,low,7,namesilo,,,17/09/2026 17:05
e5216b9b-f2a5-4505-9d4d-af4c75c6cd22,ersatz.productions,available,6.48,50.98,medium,low,6,namecheap,,,17/08/2026 13:03
d2d87b09-2854-42d0-a493-4c241ca74ead,hereabouts.productions,available,6.48,50.98,medium,low,10,namecheap,,,15/09/2026 00:20
9cb88348-8327-4ffd-aa96-9196e949db7f,millions.productions,available,6.48,50.98,medium,low,8,namecheap,,,25/09/2026 20:31
1965bca4-c592-499c-9a31-c2bbfd97c629,expires.productions,available,10.99,40.49,medium,low,7,namesilo,,,20/09/2026 13:50
8c8bc52b-2a39-4ebc-8e2a-e0331fd49300,veridical.productions,available,6.48,50.98,medium,low,9,namecheap,,,13/09/2026 02:24
0fac30b5-1e9d-4123-a7e6-7927634ec729,detain.productions,available,6.48,50.98,high,low,6,namecheap,,,24/09/2026 21:28
d70400f4-a04e-4f30-bc9c-25ef41045229,interests.productions,available,10.99,40.49,high,low,9,namesilo,,,25/09/2026 16:44
10a00e9a-e2c9-4dac-bfab-7fd76048aa81,berth.productions,available,10.99,40.49,high,low,5,namesilo,,,23/09/2026 10:13
ee7288e4-e1e9-4297-8f0e-5ebdd5dc2c38,ants.productions,available,6.48,50.98,medium,low,4,namecheap,,,28/09/2026 00:08
3d11fdbe-e4cf-47d7-bcf7-8bfe6e29fc37,wilful.productions,available,6.48,50.98,medium,low,6,namecheap,,,18/08/2026 16:39
c1a66df8-8328-412b-a7cf-7113270551c4,sterilization.productions,available,10.99,40.49,high,low,13,namesilo,,,16/09/2026 21:54
44030225-3e82-4821-87c3-d5cbcb892e38,lawn.productions,available,14.99,,high,low,4,name.com,,,
abd59101-add7-4419-a7ac-eb7730096f0c,incurably.productions,available,6.48,50.98,medium,low,9,namecheap,,,15/09/2026 07:45
6cf3fa1c-ca75-48d4-b64d-586241d29531,spurting.productions,available,6.48,50.98,medium,low,8,namecheap,,,22/08/2026 13:13
8e139ba1-2fd9-4988-ba16-f517bb69cd82,boxing.productions,premium,78.54,78.54,high,low,6,namesilo,,,29/09/2026 03:51
e6df5508-d7b5-4d3c-b2bc-832783642e17,indignant.productions,available,6.48,50.98,medium,low,9,namecheap,,,22/08/2026 00:59
97330b4c-d90c-4d1a-b7b0-179b8f0351bc,seated.productions,available,8.24,33.39,high,low,6,dynadot,,,27/09/2026 19:11
53fdf147-f4e0-400d-a250-5c94f7fe2d0b,stationary.productions,available,6.48,50.98,high,low,10,namecheap,,,10/09/2026 19:12
5bf24159-5684-4908-84bb-d8e01171aefd,observe.productions,available,6.48,50.98,high,low,7,namecheap,,,25/09/2026 23:53
26d37843-a9d5-420a-bfd8-3b2cc0c59c1d,christina.productions,available,10.99,40.49,high,low,9,namesilo,,,25/09/2026 14:23
4a772714-6fce-47ad-81c7-f6eab95ddd6f,emperor.productions,available,31.2,31.2,high,low,7,cloudflare,,,28/09/2026 01:49
0a21b665-5ec9-4488-8d4f-9efa231453e0,infinitely.productions,available,6.48,50.98,high,low,10,namecheap,,,14/09/2026 01:14
14be9522-8bb6-4152-b8b3-142eec4b046b,intuitions.productions,available,6.48,50.98,medium,low,10,namecheap,,,20/09/2026 19:28
98ee84ce-4240-4bc4-b28c-2bfc5d4194ac,ponderable.productions,available,6.48,50.98,medium,low,10,namecheap,,,12/08/2026 15:42
2369028b-904d-4824-a4b8-e15bcaef23a8,callous.productions,available,6.48,50.98,medium,low,7,namecheap,,,11/08/2026 14:30
7804ee94-ad47-4266-9e04-9fed91ddde65,prolix.productions,available,6.48,50.98,medium,low,6,namecheap,,,09/09/2026 03:04
b7e78212-d182-49d5-8f78-12fa3e7e62ab,aphoristic.productions,available,6.48,50.98,medium,low,10,namecheap,,,05/08/2026 23:31
64eef3f7-2bbd-4f97-b540-07c6eb098d8c,barnacle.productions,available,10.99,40.49,medium,low,8,namesilo,,,22/09/2026 06:46
2aceff22-2ed5-49a4-86e7-42b42b8fc17f,borders.productions,available,31.2,31.2,medium,low,7,cloudflare,,,28/09/2026 23:27
174397b2-7c89-4595-9c4a-3f79fe466a9b,turmeric.productions,available,10.99,40.49,high,low,8,namesilo,,,19/09/2026 15:28
2da0d60f-5360-4b1d-af19-488f5b945f75,irenic.productions,available,6.48,50.98,medium,low,6,namecheap,,,22/08/2026 09:48
e1eba4a2-b9b9-49c9-8457-26a8a6118d61,greene.productions,available,10.99,40.49,high,low,6,namesilo,,,25/09/2026 06:41
3e16959d-5203-4075-b9d4-2cb07e5b9f30,detergent.productions,available,10.99,40.49,high,low,9,namesilo,,,24/09/2026 07:32
9ade15fb-e7bb-44d8-82ad-8f72bab4d247,council.productions,available,14.99,52.99,high,low,7,name.com,,,24/09/2026 18:38
4dedba5e-962a-489c-b792-937418ac514e,necessarily.productions,available,14.99,,medium,low,11,name.com,,,
45cded01-d80b-458a-a6be-3f635c0653e6,grateful.productions,available,6.48,50.98,high,low,8,namecheap,,,20/08/2026 18:22
9f382469-d553-467a-a99d-8df8f327fec1,lunisolar.productions,available,6.48,50.98,medium,low,9,namecheap,,,24/08/2026 11:31
6fc9cdc7-4283-4dcf-af32-48adce818336,succeed.productions,available,14.99,,high,low,7,name.com,,,
2ca8207d-df69-41a6-b586-3686da7756aa,dildo.productions,available,10.99,40.49,medium,low,5,namesilo,,,24/09/2026 22:19
e3d7a20a-0639-4019-b7a3-9f078f4f5097,ragi.productions,available,6.48,50.98,medium,low,4,namecheap,,,17/09/2026 15:16
0d709daa-74fd-4c77-9d63-2624b8beffeb,sinuous.productions,available,6.48,50.98,medium,low,7,namecheap,,,10/09/2026 08:38
577ac4e0-57f8-4cc6-a2f0-d1d966acdc81,literatim.productions,available,6.48,50.98,medium,low,9,namecheap,,,15/09/2026 12:34
e7e3c253-277e-41ee-b0eb-45ea09de91c5,concern.productions,available,6.48,50.98,high,low,7,namecheap,,,29/09/2026 05:30
24f49dfc-d71a-4c3e-ae6c-e649b5898f9a,eventide.productions,available,6.48,50.98,high,low,8,namecheap,,,17/08/2026 14:48
d163f0aa-f94e-400d-b021-a0aa98d547bb,comedians.productions,available,10.99,40.49,medium,low,9,namesilo,,,19/09/2026 23:33
dd58d688-18b8-473c-8bec-1cdcf5a9130f,perchance.productions,available,6.48,50.98,medium,low,9,namecheap,,,14/09/2026 02:12
bc285bab-9f98-42b3-bc22-231b726c5b52,ernie.productions,available,10.99,40.49,high,low,5,namesilo,,,27/09/2026 07:15
f960d009-f6ad-4d0c-bd75-63f50c5ffb44,bullets.productions,available,6.48,50.98,high,low,7,namecheap,,,25/09/2026 19:55
7b0dcb3d-cac5-4734-b6b6-82bd60b5721b,playable.productions,premium,128.7,128.7,high,low,8,namecheap,,,08/09/2026 20:57
e85b2233-3184-4803-a8f7-68090618df84,ipsus.productions,available,10.99,40.49,medium,low,5,namesilo,,,22/09/2026 15:09
ab24ece8-8afd-48df-9a97-1dc3beef3a6e,alarum.productions,available,10.99,40.49,medium,low,6,namesilo,,,18/09/2026 02:00
5bffde77-8674-43c1-95d1-5a12e8d1348b,unshaken.productions,available,6.48,50.98,high,low,8,namecheap,,,12/09/2026 07:04
dc8dab94-e62d-424c-81d5-5bfb3e510ae3,censure.productions,available,10.99,40.49,medium,low,7,namesilo,,,19/09/2026 08:29
7608e35d-39f6-433f-8111-a5f21f001b6b,silvery.productions,available,6.48,50.98,high,low,7,namecheap,,,06/08/2026 17:56
93abd769-bffc-45e2-9149-fe7aa8d89ad5,psalms.productions,available,10.99,40.49,high,low,6,namesilo,,,24/09/2026 07:04
a8a447c3-f13b-4ced-b23e-33f90b4edf41,broadloom.productions,available,6.48,50.98,medium,low,9,namecheap,,,11/08/2026 04:59
d1a1fb6b-ba40-4ebc-b84b-3d545899e5db,sterope.productions,available,10.99,40.49,low,low,7,namesilo,,,20/09/2026 17:14
59e75f78-1e38-401d-82f6-440001529b6d,critic.productions,available,14.99,,high,low,6,name.com,,,
4ccb224e-d87d-4e6d-8d10-332d49ae6cec,baya.productions,available,6.48,50.98,medium,low,4,namecheap,,,22/09/2026 17:54
5252e083-6921-421c-a18f-8f761954d24b,abraham.productions,available,10.99,40.49,high,low,7,namesilo,,,16/09/2026 16:50
9fc4865a-41ba-405e-8529-22f1a20630de,xeric.productions,available,6.48,50.98,medium,low,5,namecheap,,,13/09/2026 14:07
b11ddec5-75d8-4794-9827-1684ed61416b,acinonyx.productions,available,10.99,40.49,medium,low,8,namesilo,,,17/09/2026 01:31